timestamp	county	file_number	measure_names	provider_name	measure_values
1619413206.05494	ALACHUA	100113	Available	UF HEALTH SHANDS HOSPITAL	233
1619413206.05494	ALACHUA	100113	Available Capacity	UF HEALTH SHANDS HOSPITAL	0.216744186
1619413206.05494	ALACHUA	100113	Bed Census	UF HEALTH SHANDS HOSPITAL	842
1619413206.05494	ALACHUA	100113	Total Staffed Bed Capacity	UF HEALTH SHANDS HOSPITAL	1075
1619413206.05494	ALACHUA	100204	Available	NORTH FLORIDA REGIONAL MEDICAL CENTER	83
1619413206.05494	ALACHUA	100204	Available Capacity	NORTH FLORIDA REGIONAL MEDICAL CENTER	0.158095238
1619413206.05494	ALACHUA	100204	Bed Census	NORTH FLORIDA REGIONAL MEDICAL CENTER	442
1619413206.05494	ALACHUA	100204	Total Staffed Bed Capacity	NORTH FLORIDA REGIONAL MEDICAL CENTER	525
1619413206.05494	ALACHUA	110025	Available	UF HEALTH REHAB HOSPITAL	9
1619413206.05494	ALACHUA	110025	Available Capacity	UF HEALTH REHAB HOSPITAL	0.15
1619413206.05494	ALACHUA	110025	Bed Census	UF HEALTH REHAB HOSPITAL	51
1619413206.05494	ALACHUA	110025	Total Staffed Bed Capacity	UF HEALTH REHAB HOSPITAL	60
1619413206.05494	ALACHUA	120011	Available	UF HEALTH SHANDS PSYCHIATRIC HOSPITAL	24
1619413206.05494	ALACHUA	120011	Available Capacity	UF HEALTH SHANDS PSYCHIATRIC HOSPITAL	0.296296296
1619413206.05494	ALACHUA	120011	Bed Census	UF HEALTH SHANDS PSYCHIATRIC HOSPITAL	57
1619413206.05494	ALACHUA	120011	Total Staffed Bed Capacity	UF HEALTH SHANDS PSYCHIATRIC HOSPITAL	81
1619413206.05494	ALACHUA	23960071	Available	SELECT SPECIALTY HOSPITAL GAINESVILLE	0
1619413206.05494	ALACHUA	23960071	Available Capacity	SELECT SPECIALTY HOSPITAL GAINESVILLE	0
1619413206.05494	ALACHUA	23960071	Bed Census	SELECT SPECIALTY HOSPITAL GAINESVILLE	48
1619413206.05494	ALACHUA	23960071	Total Staffed Bed Capacity	SELECT SPECIALTY HOSPITAL GAINESVILLE	48
1619413206.05494	All	All	Available	All	11802
1619413206.05494	All	All	Available Capacity	All	0.223968118
1619413206.05494	All	All	Bed Census	All	40893
1619413206.05494	All	All	Total Staffed Bed Capacity	All	52695
1619413206.05494	BAKER	100134	Available	ED FRASER MEMORIAL HOSPITAL	6
1619413206.05494	BAKER	100134	Available Capacity	ED FRASER MEMORIAL HOSPITAL	0.5
1619413206.05494	BAKER	100134	Bed Census	ED FRASER MEMORIAL HOSPITAL	6
1619413206.05494	BAKER	100134	Total Staffed Bed Capacity	ED FRASER MEMORIAL HOSPITAL	12
1619413206.05494	BAKER	104007	Available	NORTHEAST FLORIDA STATE HOSPITAL	141
1619413206.05494	BAKER	104007	Available Capacity	NORTHEAST FLORIDA STATE HOSPITAL	0.230016313
1619413206.05494	BAKER	104007	Bed Census	NORTHEAST FLORIDA STATE HOSPITAL	472
1619413206.05494	BAKER	104007	Total Staffed Bed Capacity	NORTHEAST FLORIDA STATE HOSPITAL	613
1619413206.05494	BAY	100026	Available	ASCENSION SACRED HEART BAY	46
1619413206.05494	BAY	100026	Available Capacity	ASCENSION SACRED HEART BAY	0.141975309
1619413206.05494	BAY	100026	Bed Census	ASCENSION SACRED HEART BAY	278
1619413206.05494	BAY	100026	Total Staffed Bed Capacity	ASCENSION SACRED HEART BAY	324
1619413206.05494	BAY	100242	Available	GULF COAST REGIONAL MEDICAL CENTER	34
1619413206.05494	BAY	100242	Available Capacity	GULF COAST REGIONAL MEDICAL CENTER	0.147186147
1619413206.05494	BAY	100242	Bed Census	GULF COAST REGIONAL MEDICAL CENTER	197
1619413206.05494	BAY	100242	Total Staffed Bed Capacity	GULF COAST REGIONAL MEDICAL CENTER	231
1619413206.05494	BAY	110034	Available	EMERALD COAST BEHAVIORAL HOSPITAL	24
1619413206.05494	BAY	110034	Available Capacity	EMERALD COAST BEHAVIORAL HOSPITAL	0.279069767
1619413206.05494	BAY	110034	Bed Census	EMERALD COAST BEHAVIORAL HOSPITAL	62
1619413206.05494	BAY	110034	Total Staffed Bed Capacity	EMERALD COAST BEHAVIORAL HOSPITAL	86
1619413206.05494	BAY	23960013	Available	ENCOMPASS HEALTH REHABILITATION HOSPITAL OF PANAMA CITY	8
1619413206.05494	BAY	23960013	Available Capacity	ENCOMPASS HEALTH REHABILITATION HOSPITAL OF PANAMA CITY	0.16
1619413206.05494	BAY	23960013	Bed Census	ENCOMPASS HEALTH REHABILITATION HOSPITAL OF PANAMA CITY	42
1619413206.05494	BAY	23960013	Total Staffed Bed Capacity	ENCOMPASS HEALTH REHABILITATION HOSPITAL OF PANAMA CITY	50
1619413206.05494	BAY	23960045	Available	SELECT SPECIALTY HOSPITAL - PANAMA CITY	3
1619413206.05494	BAY	23960045	Available Capacity	SELECT SPECIALTY HOSPITAL - PANAMA CITY	0.1
1619413206.05494	BAY	23960045	Bed Census	SELECT SPECIALTY HOSPITAL - PANAMA CITY	27
1619413206.05494	BAY	23960045	Total Staffed Bed Capacity	SELECT SPECIALTY HOSPITAL - PANAMA CITY	30
1619413206.05494	BRADFORD	100103	Available	NORTH FLORIDA REGIONAL MEDICAL CENTER STARKE CAMPUS	5
1619413206.05494	BRADFORD	100103	Available Capacity	NORTH FLORIDA REGIONAL MEDICAL CENTER STARKE CAMPUS	0.5
1619413206.05494	BRADFORD	100103	Bed Census	NORTH FLORIDA REGIONAL MEDICAL CENTER STARKE CAMPUS	5
1619413206.05494	BRADFORD	100103	Total Staffed Bed Capacity	NORTH FLORIDA REGIONAL MEDICAL CENTER STARKE CAMPUS	10
1619413206.05494	BREVARD	100028	Available	PARRISH MEDICAL CENTER	58
1619413206.05494	BREVARD	100028	Available Capacity	PARRISH MEDICAL CENTER	0.333333333
1619413206.05494	BREVARD	100028	Bed Census	PARRISH MEDICAL CENTER	116
1619413206.05494	BREVARD	100028	Total Staffed Bed Capacity	PARRISH MEDICAL CENTER	174
1619413206.05494	BREVARD	100092	Available	ROCKLEDGE REGIONAL MEDICAL CENTER	46
1619413206.05494	BREVARD	100092	Available Capacity	ROCKLEDGE REGIONAL MEDICAL CENTER	0.25
1619413206.05494	BREVARD	100092	Bed Census	ROCKLEDGE REGIONAL MEDICAL CENTER	138
1619413206.05494	BREVARD	100092	Total Staffed Bed Capacity	ROCKLEDGE REGIONAL MEDICAL CENTER	184
1619413206.05494	BREVARD	100177	Available	CAPE CANAVERAL HOSPITAL	59
1619413206.05494	BREVARD	100177	Available Capacity	CAPE CANAVERAL HOSPITAL	0.421428571
1619413206.05494	BREVARD	100177	Bed Census	CAPE CANAVERAL HOSPITAL	81
1619413206.05494	BREVARD	100177	Total Staffed Bed Capacity	CAPE CANAVERAL HOSPITAL	140
1619413206.05494	BREVARD	104024	Available	CIRCLES OF CARE, INC	20
1619413206.05494	BREVARD	104024	Available Capacity	CIRCLES OF CARE, INC	0.384615385
1619413206.05494	BREVARD	104024	Bed Census	CIRCLES OF CARE, INC	32
1619413206.05494	BREVARD	104024	Total Staffed Bed Capacity	CIRCLES OF CARE, INC	52
1619413206.05494	BREVARD	110027	Available	SEA PINES REHABILITATION HOSPITAL AFFILIATE OF ENCOMPASS HEALTH	0
1619413206.05494	BREVARD	110027	Available Capacity	SEA PINES REHABILITATION HOSPITAL AFFILIATE OF ENCOMPASS HEALTH	0
1619413206.05494	BREVARD	110027	Bed Census	SEA PINES REHABILITATION HOSPITAL AFFILIATE OF ENCOMPASS HEALTH	63
1619413206.05494	BREVARD	110027	Total Staffed Bed Capacity	SEA PINES REHABILITATION HOSPITAL AFFILIATE OF ENCOMPASS HEALTH	63
1619413206.05494	BREVARD	110036	Available	DEVEREUX FLORIDA	0
1619413206.05494	BREVARD	110036	Available Capacity	DEVEREUX FLORIDA	0
1619413206.05494	BREVARD	110036	Bed Census	DEVEREUX FLORIDA	100
1619413206.05494	BREVARD	110036	Total Staffed Bed Capacity	DEVEREUX FLORIDA	100
1619413206.05494	BREVARD	120007	Available	PALM BAY HOSPITAL	7
1619413206.05494	BREVARD	120007	Available Capacity	PALM BAY HOSPITAL	0.060869565
1619413206.05494	BREVARD	120007	Bed Census	PALM BAY HOSPITAL	108
1619413206.05494	BREVARD	120007	Total Staffed Bed Capacity	PALM BAY HOSPITAL	115
1619413206.05494	BREVARD	23960034	Available	MELBOURNE REGIONAL MEDICAL CENTER	66
1619413206.05494	BREVARD	23960034	Available Capacity	MELBOURNE REGIONAL MEDICAL CENTER	0.628571429
1619413206.05494	BREVARD	23960034	Bed Census	MELBOURNE REGIONAL MEDICAL CENTER	39
1619413206.05494	BREVARD	23960034	Total Staffed Bed Capacity	MELBOURNE REGIONAL MEDICAL CENTER	105
1619413206.05494	BREVARD	23960090	Available	KINDRED HOSPITAL MELBOURNE	5
1619413206.05494	BREVARD	23960090	Available Capacity	KINDRED HOSPITAL MELBOURNE	0.106382979
1619413206.05494	BREVARD	23960090	Bed Census	KINDRED HOSPITAL MELBOURNE	42
1619413206.05494	BREVARD	23960090	Total Staffed Bed Capacity	KINDRED HOSPITAL MELBOURNE	47
1619413206.05494	BREVARD	23960092	Available	VIERA HOSPITAL	25
1619413206.05494	BREVARD	23960092	Available Capacity	VIERA HOSPITAL	0.297619048
1619413206.05494	BREVARD	23960092	Bed Census	VIERA HOSPITAL	59
1619413206.05494	BREVARD	23960092	Total Staffed Bed Capacity	VIERA HOSPITAL	84
1619413206.05494	BROWARD	100038	Available	MEMORIAL REGIONAL HOSPITAL	158
1619413206.05494	BROWARD	100038	Available Capacity	MEMORIAL REGIONAL HOSPITAL	0.199747155
1619413206.05494	BROWARD	100038	Bed Census	MEMORIAL REGIONAL HOSPITAL	633
1619413206.05494	BROWARD	100038	Total Staffed Bed Capacity	MEMORIAL REGIONAL HOSPITAL	791
1619413206.05494	BROWARD	100042	Available	KINDRED HOSPITAL-SOUTH FLORIDA-HOLLYWOOD	47
1619413206.05494	BROWARD	100042	Available Capacity	KINDRED HOSPITAL-SOUTH FLORIDA-HOLLYWOOD	0.394957983
1619413206.05494	BROWARD	100042	Bed Census	KINDRED HOSPITAL-SOUTH FLORIDA-HOLLYWOOD	72
1619413206.05494	BROWARD	100042	Total Staffed Bed Capacity	KINDRED HOSPITAL-SOUTH FLORIDA-HOLLYWOOD	119
1619413206.05494	BROWARD	100056	Available	CLEVELAND CLINIC HOSPITAL	30
1619413206.05494	BROWARD	100056	Available Capacity	CLEVELAND CLINIC HOSPITAL	0.130434783
1619413206.05494	BROWARD	100056	Bed Census	CLEVELAND CLINIC HOSPITAL	200
1619413206.05494	BROWARD	100056	Total Staffed Bed Capacity	CLEVELAND CLINIC HOSPITAL	230
1619413206.05494	BROWARD	100073	Available	HOLY CROSS HOSPITAL	191
1619413206.05494	BROWARD	100073	Available Capacity	HOLY CROSS HOSPITAL	0.47044335
1619413206.05494	BROWARD	100073	Bed Census	HOLY CROSS HOSPITAL	215
1619413206.05494	BROWARD	100073	Total Staffed Bed Capacity	HOLY CROSS HOSPITAL	406
1619413206.05494	BROWARD	100086	Available	BROWARD HEALTH NORTH	0
1619413206.05494	BROWARD	100086	Available Capacity	BROWARD HEALTH NORTH	0
1619413206.05494	BROWARD	100086	Bed Census	BROWARD HEALTH NORTH	260
1619413206.05494	BROWARD	100086	Total Staffed Bed Capacity	BROWARD HEALTH NORTH	260
1619413206.05494	BROWARD	100120	Available	KINDRED HOSPITAL-SOUTH FLORIDA-FT LAUDERDALE	21
1619413206.05494	BROWARD	100120	Available Capacity	KINDRED HOSPITAL-SOUTH FLORIDA-FT LAUDERDALE	0.328125
1619413206.05494	BROWARD	100120	Bed Census	KINDRED HOSPITAL-SOUTH FLORIDA-FT LAUDERDALE	43
1619413206.05494	BROWARD	100120	Total Staffed Bed Capacity	KINDRED HOSPITAL-SOUTH FLORIDA-FT LAUDERDALE	64
1619413206.05494	BROWARD	100167	Available	PLANTATION GENERAL HOSPITAL	119
1619413206.05494	BROWARD	100167	Available Capacity	PLANTATION GENERAL HOSPITAL	0.49790795
1619413206.05494	BROWARD	100167	Bed Census	PLANTATION GENERAL HOSPITAL	120
1619413206.05494	BROWARD	100167	Total Staffed Bed Capacity	PLANTATION GENERAL HOSPITAL	239
1619413206.05494	BROWARD	100224	Available	UNIVERSITY HOSPITAL AND MEDICAL CENTER	157
1619413206.05494	BROWARD	100224	Available Capacity	UNIVERSITY HOSPITAL AND MEDICAL CENTER	0.493710692
1619413206.05494	BROWARD	100224	Bed Census	UNIVERSITY HOSPITAL AND MEDICAL CENTER	161
1619413206.05494	BROWARD	100224	Total Staffed Bed Capacity	UNIVERSITY HOSPITAL AND MEDICAL CENTER	318
1619413206.05494	BROWARD	100228	Available	WESTSIDE REGIONAL MEDICAL CENTER	50
1619413206.05494	BROWARD	100228	Available Capacity	WESTSIDE REGIONAL MEDICAL CENTER	0.2
1619413206.05494	BROWARD	100228	Bed Census	WESTSIDE REGIONAL MEDICAL CENTER	200
1619413206.05494	BROWARD	100228	Total Staffed Bed Capacity	WESTSIDE REGIONAL MEDICAL CENTER	250
1619413206.05494	BROWARD	100230	Available	MEMORIAL HOSPITAL PEMBROKE	17
1619413206.05494	BROWARD	100230	Available Capacity	MEMORIAL HOSPITAL PEMBROKE	0.105590062
1619413206.05494	BROWARD	100230	Bed Census	MEMORIAL HOSPITAL PEMBROKE	144
1619413206.05494	BROWARD	100230	Total Staffed Bed Capacity	MEMORIAL HOSPITAL PEMBROKE	161
1619413206.05494	BROWARD	103027	Available	ST ANTHONY'S REHABILITATION HOSPITAL	8
1619413206.05494	BROWARD	103027	Available Capacity	ST ANTHONY'S REHABILITATION HOSPITAL	0.307692308
1619413206.05494	BROWARD	103027	Bed Census	ST ANTHONY'S REHABILITATION HOSPITAL	18
1619413206.05494	BROWARD	103027	Total Staffed Bed Capacity	ST ANTHONY'S REHABILITATION HOSPITAL	26
1619413206.05494	BROWARD	103028	Available	ENCOMPASS HEALTH REHABILITATION HOSPITAL OF SUNRISE	25
1619413206.05494	BROWARD	103028	Available Capacity	ENCOMPASS HEALTH REHABILITATION HOSPITAL OF SUNRISE	0.227272727
1619413206.05494	BROWARD	103028	Bed Census	ENCOMPASS HEALTH REHABILITATION HOSPITAL OF SUNRISE	85
1619413206.05494	BROWARD	103028	Total Staffed Bed Capacity	ENCOMPASS HEALTH REHABILITATION HOSPITAL OF SUNRISE	110
1619413206.05494	BROWARD	104001	Available	SOUTH FLORIDA STATE HOSPITAL	0
1619413206.05494	BROWARD	104001	Available Capacity	SOUTH FLORIDA STATE HOSPITAL	0
1619413206.05494	BROWARD	104001	Bed Census	SOUTH FLORIDA STATE HOSPITAL	305
1619413206.05494	BROWARD	104001	Total Staffed Bed Capacity	SOUTH FLORIDA STATE HOSPITAL	305
1619413206.05494	BROWARD	104015	Available	LARKIN COMMUNITY HOSPITAL BEHAVIORAL HEALTH SERVICES	18
1619413206.05494	BROWARD	104015	Available Capacity	LARKIN COMMUNITY HOSPITAL BEHAVIORAL HEALTH SERVICES	0.36
1619413206.05494	BROWARD	104015	Bed Census	LARKIN COMMUNITY HOSPITAL BEHAVIORAL HEALTH SERVICES	32
1619413206.05494	BROWARD	104015	Total Staffed Bed Capacity	LARKIN COMMUNITY HOSPITAL BEHAVIORAL HEALTH SERVICES	50
1619413206.05494	BROWARD	104026	Available	FORT LAUDERDALE BEHAVIORAL HEALTH CENTER	0
1619413206.05494	BROWARD	104026	Available Capacity	FORT LAUDERDALE BEHAVIORAL HEALTH CENTER	0
1619413206.05494	BROWARD	104026	Bed Census	FORT LAUDERDALE BEHAVIORAL HEALTH CENTER	92
1619413206.05494	BROWARD	104026	Total Staffed Bed Capacity	FORT LAUDERDALE BEHAVIORAL HEALTH CENTER	92
1619413206.05494	BROWARD	110019	Available	BROWARD HEALTH CORAL SPRINGS	29
1619413206.05494	BROWARD	110019	Available Capacity	BROWARD HEALTH CORAL SPRINGS	0.011609287
1619413206.05494	BROWARD	110019	Bed Census	BROWARD HEALTH CORAL SPRINGS	2469
1619413206.05494	BROWARD	110019	Total Staffed Bed Capacity	BROWARD HEALTH CORAL SPRINGS	2498
1619413206.05494	BROWARD	111527	Available	MEMORIAL HOSPITAL WEST	38
1619413206.05494	BROWARD	111527	Available Capacity	MEMORIAL HOSPITAL WEST	0.090047393
1619413206.05494	BROWARD	111527	Bed Census	MEMORIAL HOSPITAL WEST	384
1619413206.05494	BROWARD	111527	Total Staffed Bed Capacity	MEMORIAL HOSPITAL WEST	422
1619413206.05494	BROWARD	23960050	Available	MEMORIAL HOSPITAL MIRAMAR	43
1619413206.05494	BROWARD	23960050	Available Capacity	MEMORIAL HOSPITAL MIRAMAR	0.241573034
1619413206.05494	BROWARD	23960050	Bed Census	MEMORIAL HOSPITAL MIRAMAR	135
1619413206.05494	BROWARD	23960050	Total Staffed Bed Capacity	MEMORIAL HOSPITAL MIRAMAR	178
1619413206.05494	CALHOUN	100112	Available	CALHOUN-LIBERTY HOSPITAL	3
1619413206.05494	CALHOUN	100112	Available Capacity	CALHOUN-LIBERTY HOSPITAL	0.3
1619413206.05494	CALHOUN	100112	Bed Census	CALHOUN-LIBERTY HOSPITAL	7
1619413206.05494	CALHOUN	100112	Total Staffed Bed Capacity	CALHOUN-LIBERTY HOSPITAL	10
1619413206.05494	CHARLOTTE	100047	Available	BAYFRONT HEALTH PUNTA GORDA	20
1619413206.05494	CHARLOTTE	100047	Available Capacity	BAYFRONT HEALTH PUNTA GORDA	0.158730159
1619413206.05494	CHARLOTTE	100047	Bed Census	BAYFRONT HEALTH PUNTA GORDA	106
1619413206.05494	CHARLOTTE	100047	Total Staffed Bed Capacity	BAYFRONT HEALTH PUNTA GORDA	126
1619413206.05494	CITRUS	100023	Available	CITRUS MEMORIAL HOSPITAL	67
1619413206.05494	CITRUS	100023	Available Capacity	CITRUS MEMORIAL HOSPITAL	0.328431373
1619413206.05494	CITRUS	100023	Bed Census	CITRUS MEMORIAL HOSPITAL	137
1619413206.05494	CITRUS	100023	Total Staffed Bed Capacity	CITRUS MEMORIAL HOSPITAL	204
1619413206.05494	CITRUS	100249	Available	BAYFRONT HEALTH SEVEN RIVERS	16
1619413206.05494	CITRUS	100249	Available Capacity	BAYFRONT HEALTH SEVEN RIVERS	0.170212766
1619413206.05494	CITRUS	100249	Bed Census	BAYFRONT HEALTH SEVEN RIVERS	78
1619413206.05494	CITRUS	100249	Total Staffed Bed Capacity	BAYFRONT HEALTH SEVEN RIVERS	94
1619413206.05494	CLAY	100016	Available	KINDRED HOSPITAL-NORTH FLORIDA	15
1619413206.05494	CLAY	100016	Available Capacity	KINDRED HOSPITAL-NORTH FLORIDA	0.205479452
1619413206.05494	CLAY	100016	Bed Census	KINDRED HOSPITAL-NORTH FLORIDA	58
1619413206.05494	CLAY	100016	Total Staffed Bed Capacity	KINDRED HOSPITAL-NORTH FLORIDA	73
1619413206.05494	CLAY	100226	Available	ORANGE PARK MEDICAL CENTER	84
1619413206.05494	CLAY	100226	Available Capacity	ORANGE PARK MEDICAL CENTER	0.211586902
1619413206.05494	CLAY	100226	Bed Census	ORANGE PARK MEDICAL CENTER	313
1619413206.05494	CLAY	100226	Total Staffed Bed Capacity	ORANGE PARK MEDICAL CENTER	397
1619413206.05494	CLAY	23960117	Available	ASCENSION ST VINCENT'S CLAY COUNTY	33
1619413206.05494	CLAY	23960117	Available Capacity	ASCENSION ST VINCENT'S CLAY COUNTY	0.2578125
1619413206.05494	CLAY	23960117	Bed Census	ASCENSION ST VINCENT'S CLAY COUNTY	95
1619413206.05494	CLAY	23960117	Total Staffed Bed Capacity	ASCENSION ST VINCENT'S CLAY COUNTY	128
1619413206.05494	COLLIER	100018	Available	NAPLES COMMUNITY HOSPITAL	39
1619413206.05494	COLLIER	100018	Available Capacity	NAPLES COMMUNITY HOSPITAL	0.136363636
1619413206.05494	COLLIER	100018	Bed Census	NAPLES COMMUNITY HOSPITAL	247
1619413206.05494	COLLIER	100018	Total Staffed Bed Capacity	NAPLES COMMUNITY HOSPITAL	286
1619413206.05494	COLLIER	110043	Available	WILLOUGH AT NAPLES, THE	22
1619413206.05494	COLLIER	110043	Available Capacity	WILLOUGH AT NAPLES, THE	0.252873563
1619413206.05494	COLLIER	110043	Bed Census	WILLOUGH AT NAPLES, THE	65
1619413206.05494	COLLIER	110043	Total Staffed Bed Capacity	WILLOUGH AT NAPLES, THE	87
1619413206.05494	COLLIER	120006	Available	NCH HEALTHCARE SYSTEM NORTH NAPLES HOSPITAL CAMPUS	27
1619413206.05494	COLLIER	120006	Available Capacity	NCH HEALTHCARE SYSTEM NORTH NAPLES HOSPITAL CAMPUS	0.098901099
1619413206.05494	COLLIER	120006	Bed Census	NCH HEALTHCARE SYSTEM NORTH NAPLES HOSPITAL CAMPUS	246
1619413206.05494	COLLIER	120006	Total Staffed Bed Capacity	NCH HEALTHCARE SYSTEM NORTH NAPLES HOSPITAL CAMPUS	273
1619413206.05494	COLLIER	23960025	Available	PHYSICIANS REGIONAL MEDICAL CENTER - PINE RIDGE	0
1619413206.05494	COLLIER	23960025	Available Capacity	PHYSICIANS REGIONAL MEDICAL CENTER - PINE RIDGE	0
1619413206.05494	COLLIER	23960025	Bed Census	PHYSICIANS REGIONAL MEDICAL CENTER - PINE RIDGE	109
1619413206.05494	COLLIER	23960025	Total Staffed Bed Capacity	PHYSICIANS REGIONAL MEDICAL CENTER - PINE RIDGE	109
1619413206.05494	COLLIER	23960057	Available	PHYSICIANS REGIONAL MEDICAL CENTER - COLLIER	0
1619413206.05494	COLLIER	23960057	Available Capacity	PHYSICIANS REGIONAL MEDICAL CENTER - COLLIER	0
1619413206.05494	COLLIER	23960057	Bed Census	PHYSICIANS REGIONAL MEDICAL CENTER - COLLIER	100
1619413206.05494	COLLIER	23960057	Total Staffed Bed Capacity	PHYSICIANS REGIONAL MEDICAL CENTER - COLLIER	100
1619413206.05494	COLLIER	23960116	Available	LANDMARK HOSPITAL OF SOUTHWEST FLORIDA	21
1619413206.05494	COLLIER	23960116	Available Capacity	LANDMARK HOSPITAL OF SOUTHWEST FLORIDA	0.42
1619413206.05494	COLLIER	23960116	Bed Census	LANDMARK HOSPITAL OF SOUTHWEST FLORIDA	29
1619413206.05494	COLLIER	23960116	Total Staffed Bed Capacity	LANDMARK HOSPITAL OF SOUTHWEST FLORIDA	50
1619413206.05494	COLUMBIA	100156	Available	LAKE CITY MEDICAL CENTER	1
1619413206.05494	COLUMBIA	100156	Available Capacity	LAKE CITY MEDICAL CENTER	0.010989011
1619413206.05494	COLUMBIA	100156	Bed Census	LAKE CITY MEDICAL CENTER	90
1619413206.05494	COLUMBIA	100156	Total Staffed Bed Capacity	LAKE CITY MEDICAL CENTER	91
1619413206.05494	DUVAL	100001	Available	UF HEALTH JACKSONVILLE	112
1619413206.05494	DUVAL	100001	Available Capacity	UF HEALTH JACKSONVILLE	0.185737977
1619413206.05494	DUVAL	100001	Bed Census	UF HEALTH JACKSONVILLE	491
1619413206.05494	DUVAL	100001	Total Staffed Bed Capacity	UF HEALTH JACKSONVILLE	603
1619413206.05494	DUVAL	100088	Available	BAPTIST MEDICAL CENTER JACKSONVILLE	51
1619413206.05494	DUVAL	100088	Available Capacity	BAPTIST MEDICAL CENTER JACKSONVILLE	0.111842105
1619413206.05494	DUVAL	100088	Bed Census	BAPTIST MEDICAL CENTER JACKSONVILLE	405
1619413206.05494	DUVAL	100088	Total Staffed Bed Capacity	BAPTIST MEDICAL CENTER JACKSONVILLE	456
1619413206.05494	DUVAL	100117	Available	BAPTIST MEDICAL CENTER - BEACHES	76
1619413206.05494	DUVAL	100117	Available Capacity	BAPTIST MEDICAL CENTER - BEACHES	0.449704142
1619413206.05494	DUVAL	100117	Bed Census	BAPTIST MEDICAL CENTER - BEACHES	93
1619413206.05494	DUVAL	100117	Total Staffed Bed Capacity	BAPTIST MEDICAL CENTER - BEACHES	169
1619413206.05494	DUVAL	100151	Available	MAYO CLINIC	47
1619413206.05494	DUVAL	100151	Available Capacity	MAYO CLINIC	0.154605263
1619413206.05494	DUVAL	100151	Bed Census	MAYO CLINIC	257
1619413206.05494	DUVAL	100151	Total Staffed Bed Capacity	MAYO CLINIC	304
1619413206.05494	DUVAL	100184	Available	BROOKS REHABILITATION HOSPITAL	9
1619413206.05494	DUVAL	100184	Available Capacity	BROOKS REHABILITATION HOSPITAL	0.060402685
1619413206.05494	DUVAL	100184	Bed Census	BROOKS REHABILITATION HOSPITAL	140
1619413206.05494	DUVAL	100184	Total Staffed Bed Capacity	BROOKS REHABILITATION HOSPITAL	149
1619413206.05494	DUVAL	104016	Available	RIVER POINT BEHAVIORAL HEALTH	40
1619413206.05494	DUVAL	104016	Available Capacity	RIVER POINT BEHAVIORAL HEALTH	0.465116279
1619413206.05494	DUVAL	104016	Bed Census	RIVER POINT BEHAVIORAL HEALTH	46
1619413206.05494	DUVAL	104016	Total Staffed Bed Capacity	RIVER POINT BEHAVIORAL HEALTH	86
1619413206.05494	DUVAL	23960052	Available	BAPTIST MEDICAL CENTER SOUTH	66
1619413206.05494	DUVAL	23960052	Available Capacity	BAPTIST MEDICAL CENTER SOUTH	0.204968944
1619413206.05494	DUVAL	23960052	Bed Census	BAPTIST MEDICAL CENTER SOUTH	256
1619413206.05494	DUVAL	23960052	Total Staffed Bed Capacity	BAPTIST MEDICAL CENTER SOUTH	322
1619413206.05494	DUVAL	23960061	Available	WEKIVA SPRINGS	59
1619413206.05494	DUVAL	23960061	Available Capacity	WEKIVA SPRINGS	0.495798319
1619413206.05494	DUVAL	23960061	Bed Census	WEKIVA SPRINGS	60
1619413206.05494	DUVAL	23960061	Total Staffed Bed Capacity	WEKIVA SPRINGS	119
1619413206.05494	DUVAL	23960088	Available	ASCENSION ST VINCENT'S SOUTHSIDE	108
1619413206.05494	DUVAL	23960088	Available Capacity	ASCENSION ST VINCENT'S SOUTHSIDE	0.48
1619413206.05494	DUVAL	23960088	Bed Census	ASCENSION ST VINCENT'S SOUTHSIDE	117
1619413206.05494	DUVAL	23960088	Total Staffed Bed Capacity	ASCENSION ST VINCENT'S SOUTHSIDE	225
1619413206.05494	DUVAL	23960123	Available	UF HEALTH NORTH	17
1619413206.05494	DUVAL	23960123	Available Capacity	UF HEALTH NORTH	0.184782609
1619413206.05494	DUVAL	23960123	Bed Census	UF HEALTH NORTH	75
1619413206.05494	DUVAL	23960123	Total Staffed Bed Capacity	UF HEALTH NORTH	92
1619413206.05494	DUVAL	23960157	Available	WOLFSON CHILDREN'S HOSPITAL	14
1619413206.05494	DUVAL	23960157	Available Capacity	WOLFSON CHILDREN'S HOSPITAL	0.07486631
1619413206.05494	DUVAL	23960157	Bed Census	WOLFSON CHILDREN'S HOSPITAL	173
1619413206.05494	DUVAL	23960157	Total Staffed Bed Capacity	WOLFSON CHILDREN'S HOSPITAL	187
1619413206.05494	ESCAMBIA	100025	Available	ASCENSION SACRED HEART PENSACOLA	211
1619413206.05494	ESCAMBIA	100025	Available Capacity	ASCENSION SACRED HEART PENSACOLA	0.388581952
1619413206.05494	ESCAMBIA	100025	Bed Census	ASCENSION SACRED HEART PENSACOLA	332
1619413206.05494	ESCAMBIA	100025	Total Staffed Bed Capacity	ASCENSION SACRED HEART PENSACOLA	543
1619413206.05494	ESCAMBIA	100093	Available	BAPTIST HOSPITAL	101
1619413206.05494	ESCAMBIA	100093	Available Capacity	BAPTIST HOSPITAL	0.251870324
1619413206.05494	ESCAMBIA	100093	Bed Census	BAPTIST HOSPITAL	300
1619413206.05494	ESCAMBIA	100093	Total Staffed Bed Capacity	BAPTIST HOSPITAL	401
1619413206.05494	ESCAMBIA	100231	Available	WEST FLORIDA HOSPITAL	109
1619413206.05494	ESCAMBIA	100231	Available Capacity	WEST FLORIDA HOSPITAL	0.269135802
1619413206.05494	ESCAMBIA	100231	Bed Census	WEST FLORIDA HOSPITAL	296
1619413206.05494	ESCAMBIA	100231	Total Staffed Bed Capacity	WEST FLORIDA HOSPITAL	405
1619413206.05494	ESCAMBIA	23960076	Available	SELECT SPECIALTY HOSPITAL PENSACOLA	14
1619413206.05494	ESCAMBIA	23960076	Available Capacity	SELECT SPECIALTY HOSPITAL PENSACOLA	0.186666667
1619413206.05494	ESCAMBIA	23960076	Bed Census	SELECT SPECIALTY HOSPITAL PENSACOLA	61
1619413206.05494	ESCAMBIA	23960076	Total Staffed Bed Capacity	SELECT SPECIALTY HOSPITAL PENSACOLA	75
1619413206.05494	FLAGLER	100118	Available	ADVENTHEALTH PALM COAST	9
1619413206.05494	FLAGLER	100118	Available Capacity	ADVENTHEALTH PALM COAST	0.090909091
1619413206.05494	FLAGLER	100118	Bed Census	ADVENTHEALTH PALM COAST	90
1619413206.05494	FLAGLER	100118	Total Staffed Bed Capacity	ADVENTHEALTH PALM COAST	99
1619413206.05494	FRANKLIN	100153	Available	GEORGE E WEEMS MEMORIAL HOSPITAL	13
1619413206.05494	FRANKLIN	100153	Available Capacity	GEORGE E WEEMS MEMORIAL HOSPITAL	0.866666667
1619413206.05494	FRANKLIN	100153	Bed Census	GEORGE E WEEMS MEMORIAL HOSPITAL	2
1619413206.05494	FRANKLIN	100153	Total Staffed Bed Capacity	GEORGE E WEEMS MEMORIAL HOSPITAL	15
1619413206.05494	GADSDEN	100159	Available	CAPITAL REGIONAL MEDICAL CENTER, GADSDEN MEMORIAL CAMPUS	4
1619413206.05494	GADSDEN	100159	Available Capacity	CAPITAL REGIONAL MEDICAL CENTER, GADSDEN MEMORIAL CAMPUS	1
1619413206.05494	GADSDEN	100159	Bed Census	CAPITAL REGIONAL MEDICAL CENTER, GADSDEN MEMORIAL CAMPUS	0
1619413206.05494	GADSDEN	100159	Total Staffed Bed Capacity	CAPITAL REGIONAL MEDICAL CENTER, GADSDEN MEMORIAL CAMPUS	4
1619413206.05494	GADSDEN	104000	Available	FLORIDA STATE HOSPITAL	209
1619413206.05494	GADSDEN	104000	Available Capacity	FLORIDA STATE HOSPITAL	0.220231823
1619413206.05494	GADSDEN	104000	Bed Census	FLORIDA STATE HOSPITAL	740
1619413206.05494	GADSDEN	104000	Total Staffed Bed Capacity	FLORIDA STATE HOSPITAL	949
1619413206.05494	GULF	23960084	Available	ASCENSION SACRED HEART GULF	18
1619413206.05494	GULF	23960084	Available Capacity	ASCENSION SACRED HEART GULF	0.857142857
1619413206.05494	GULF	23960084	Bed Census	ASCENSION SACRED HEART GULF	3
1619413206.05494	GULF	23960084	Total Staffed Bed Capacity	ASCENSION SACRED HEART GULF	21
1619413206.05494	HARDEE	100282	Available	ADVENTHEALTH WAUCHULA	0
1619413206.05494	HARDEE	100282	Available Capacity	ADVENTHEALTH WAUCHULA	0
1619413206.05494	HARDEE	100282	Bed Census	ADVENTHEALTH WAUCHULA	25
1619413206.05494	HARDEE	100282	Total Staffed Bed Capacity	ADVENTHEALTH WAUCHULA	25
1619413206.05494	HENDRY	100098	Available	HENDRY REGIONAL MEDICAL CENTER	21
1619413206.05494	HENDRY	100098	Available Capacity	HENDRY REGIONAL MEDICAL CENTER	0.84
1619413206.05494	HENDRY	100098	Bed Census	HENDRY REGIONAL MEDICAL CENTER	4
1619413206.05494	HENDRY	100098	Total Staffed Bed Capacity	HENDRY REGIONAL MEDICAL CENTER	25
1619413206.05494	HERNANDO	100071	Available	BAYFRONT HEALTH BROOKSVILLE	63
1619413206.05494	HERNANDO	100071	Available Capacity	BAYFRONT HEALTH BROOKSVILLE	0.557522124
1619413206.05494	HERNANDO	100071	Bed Census	BAYFRONT HEALTH BROOKSVILLE	50
1619413206.05494	HERNANDO	100071	Total Staffed Bed Capacity	BAYFRONT HEALTH BROOKSVILLE	113
1619413206.05494	HERNANDO	100264	Available	OAK HILL HOSPITAL	97
1619413206.05494	HERNANDO	100264	Available Capacity	OAK HILL HOSPITAL	0.277142857
1619413206.05494	HERNANDO	100264	Bed Census	OAK HILL HOSPITAL	253
1619413206.05494	HERNANDO	100264	Total Staffed Bed Capacity	OAK HILL HOSPITAL	350
1619413206.05494	HERNANDO	110054	Available	SPRINGBROOK HOSPITAL	0
1619413206.05494	HERNANDO	110054	Available Capacity	SPRINGBROOK HOSPITAL	0
1619413206.05494	HERNANDO	110054	Bed Census	SPRINGBROOK HOSPITAL	82
1619413206.05494	HERNANDO	110054	Total Staffed Bed Capacity	SPRINGBROOK HOSPITAL	82
1619413206.05494	HERNANDO	111525	Available	BAYFRONT HEALTH SPRING HILL	85
1619413206.05494	HERNANDO	111525	Available Capacity	BAYFRONT HEALTH SPRING HILL	0.674603175
1619413206.05494	HERNANDO	111525	Bed Census	BAYFRONT HEALTH SPRING HILL	41
1619413206.05494	HERNANDO	111525	Total Staffed Bed Capacity	BAYFRONT HEALTH SPRING HILL	126
1619413206.05494	HERNANDO	23960042	Available	ENCOMPASS HEALTH REHABILITATION HOSPITAL OF SPRING HILL	12
1619413206.05494	HERNANDO	23960042	Available Capacity	ENCOMPASS HEALTH REHABILITATION HOSPITAL OF SPRING HILL	0.15
1619413206.05494	HERNANDO	23960042	Bed Census	ENCOMPASS HEALTH REHABILITATION HOSPITAL OF SPRING HILL	68
1619413206.05494	HERNANDO	23960042	Total Staffed Bed Capacity	ENCOMPASS HEALTH REHABILITATION HOSPITAL OF SPRING HILL	80
1619413206.05494	HIGHLANDS	100049	Available	HIGHLANDS REGIONAL MEDICAL CENTER	19
1619413206.05494	HIGHLANDS	100049	Available Capacity	HIGHLANDS REGIONAL MEDICAL CENTER	0.292307692
1619413206.05494	HIGHLANDS	100049	Bed Census	HIGHLANDS REGIONAL MEDICAL CENTER	46
1619413206.05494	HIGHLANDS	100049	Total Staffed Bed Capacity	HIGHLANDS REGIONAL MEDICAL CENTER	65
1619413206.05494	HIGHLANDS	100109	Available	ADVENTHEALTH SEBRING	38
1619413206.05494	HIGHLANDS	100109	Available Capacity	ADVENTHEALTH SEBRING	0.211111111
1619413206.05494	HIGHLANDS	100109	Bed Census	ADVENTHEALTH SEBRING	142
1619413206.05494	HIGHLANDS	100109	Total Staffed Bed Capacity	ADVENTHEALTH SEBRING	180
1619413206.05494	HIGHLANDS	120013	Available	ADVENTHEALTH LAKE PLACID	8
1619413206.05494	HIGHLANDS	120013	Available Capacity	ADVENTHEALTH LAKE PLACID	0.470588235
1619413206.05494	HIGHLANDS	120013	Bed Census	ADVENTHEALTH LAKE PLACID	9
1619413206.05494	HIGHLANDS	120013	Total Staffed Bed Capacity	ADVENTHEALTH LAKE PLACID	17
1619413206.05494	HILLSBOROUGH	100069	Available	ADVENTHEALTH CARROLLWOOD	3
1619413206.05494	HILLSBOROUGH	100069	Available Capacity	ADVENTHEALTH CARROLLWOOD	0.028846154
1619413206.05494	HILLSBOROUGH	100069	Bed Census	ADVENTHEALTH CARROLLWOOD	101
1619413206.05494	HILLSBOROUGH	100069	Total Staffed Bed Capacity	ADVENTHEALTH CARROLLWOOD	104
1619413206.05494	HILLSBOROUGH	100115	Available	KINDRED HOSPITAL-BAY AREA-TAMPA	37
1619413206.05494	HILLSBOROUGH	100115	Available Capacity	KINDRED HOSPITAL-BAY AREA-TAMPA	0.474358974
1619413206.05494	HILLSBOROUGH	100115	Bed Census	KINDRED HOSPITAL-BAY AREA-TAMPA	41
1619413206.05494	HILLSBOROUGH	100115	Total Staffed Bed Capacity	KINDRED HOSPITAL-BAY AREA-TAMPA	78
1619413206.05494	HILLSBOROUGH	100128	Available	TAMPA GENERAL HOSPITAL	141
1619413206.05494	HILLSBOROUGH	100128	Available Capacity	TAMPA GENERAL HOSPITAL	0.129120879
1619413206.05494	HILLSBOROUGH	100128	Bed Census	TAMPA GENERAL HOSPITAL	951
1619413206.05494	HILLSBOROUGH	100128	Total Staffed Bed Capacity	TAMPA GENERAL HOSPITAL	1092
1619413206.05494	HILLSBOROUGH	100143	Available	KINDRED HOSPITAL-CENTRAL TAMPA	19
1619413206.05494	HILLSBOROUGH	100143	Available Capacity	KINDRED HOSPITAL-CENTRAL TAMPA	0.208791209
1619413206.05494	HILLSBOROUGH	100143	Bed Census	KINDRED HOSPITAL-CENTRAL TAMPA	72
1619413206.05494	HILLSBOROUGH	100143	Total Staffed Bed Capacity	KINDRED HOSPITAL-CENTRAL TAMPA	91
1619413206.05494	HILLSBOROUGH	100173	Available	ADVENTHEALTH TAMPA	114
1619413206.05494	HILLSBOROUGH	100173	Available Capacity	ADVENTHEALTH TAMPA	0.239495798
1619413206.05494	HILLSBOROUGH	100173	Bed Census	ADVENTHEALTH TAMPA	362
1619413206.05494	HILLSBOROUGH	100173	Total Staffed Bed Capacity	ADVENTHEALTH TAMPA	476
1619413206.05494	HILLSBOROUGH	100206	Available	MEMORIAL HOSPITAL OF TAMPA	8
1619413206.05494	HILLSBOROUGH	100206	Available Capacity	MEMORIAL HOSPITAL OF TAMPA	0.090909091
1619413206.05494	HILLSBOROUGH	100206	Bed Census	MEMORIAL HOSPITAL OF TAMPA	80
1619413206.05494	HILLSBOROUGH	100206	Total Staffed Bed Capacity	MEMORIAL HOSPITAL OF TAMPA	88
1619413206.05494	HILLSBOROUGH	100243	Available	BRANDON REGIONAL HOSPITAL	172
1619413206.05494	HILLSBOROUGH	100243	Available Capacity	BRANDON REGIONAL HOSPITAL	0.341269841
1619413206.05494	HILLSBOROUGH	100243	Bed Census	BRANDON REGIONAL HOSPITAL	332
1619413206.05494	HILLSBOROUGH	100243	Total Staffed Bed Capacity	BRANDON REGIONAL HOSPITAL	504
1619413206.05494	HILLSBOROUGH	100255	Available	TAMPA COMMUNITY HOSPITAL- A CAMPUS OF MEMORIAL HOSPITAL OF TAMPA	14
1619413206.05494	HILLSBOROUGH	100255	Available Capacity	TAMPA COMMUNITY HOSPITAL- A CAMPUS OF MEMORIAL HOSPITAL OF TAMPA	0.168674699
1619413206.05494	HILLSBOROUGH	100255	Bed Census	TAMPA COMMUNITY HOSPITAL- A CAMPUS OF MEMORIAL HOSPITAL OF TAMPA	69
1619413206.05494	HILLSBOROUGH	100255	Total Staffed Bed Capacity	TAMPA COMMUNITY HOSPITAL- A CAMPUS OF MEMORIAL HOSPITAL OF TAMPA	83
1619413206.05494	HILLSBOROUGH	100259	Available	SOUTH BAY HOSPITAL	52
1619413206.05494	HILLSBOROUGH	100259	Available Capacity	SOUTH BAY HOSPITAL	0.409448819
1619413206.05494	HILLSBOROUGH	100259	Bed Census	SOUTH BAY HOSPITAL	75
1619413206.05494	HILLSBOROUGH	100259	Total Staffed Bed Capacity	SOUTH BAY HOSPITAL	127
1619413206.05494	HILLSBOROUGH	110009	Available	H LEE MOFFITT CANCER CENTER & RESEARCH INSTITUTE HOSPITAL	45
1619413206.05494	HILLSBOROUGH	110009	Available Capacity	H LEE MOFFITT CANCER CENTER & RESEARCH INSTITUTE HOSPITAL	0.171102662
1619413206.05494	HILLSBOROUGH	110009	Bed Census	H LEE MOFFITT CANCER CENTER & RESEARCH INSTITUTE HOSPITAL	218
1619413206.05494	HILLSBOROUGH	110009	Total Staffed Bed Capacity	H LEE MOFFITT CANCER CENTER & RESEARCH INSTITUTE HOSPITAL	263
1619413206.05494	HILLSBOROUGH	23960162	Available	Encompass Health Rehabilitation Hospital of North Tampa	2
1619413206.05494	HILLSBOROUGH	23960162	Available Capacity	Encompass Health Rehabilitation Hospital of North Tampa	0.090909091
1619413206.05494	HILLSBOROUGH	23960162	Bed Census	Encompass Health Rehabilitation Hospital of North Tampa	20
1619413206.05494	HILLSBOROUGH	23960162	Total Staffed Bed Capacity	Encompass Health Rehabilitation Hospital of North Tampa	22
1619413206.05494	HOLMES	100078	Available	DOCTORS MEMORIAL HOSPITAL	10
1619413206.05494	HOLMES	100078	Available Capacity	DOCTORS MEMORIAL HOSPITAL	0.5
1619413206.05494	HOLMES	100078	Bed Census	DOCTORS MEMORIAL HOSPITAL	10
1619413206.05494	HOLMES	100078	Total Staffed Bed Capacity	DOCTORS MEMORIAL HOSPITAL	20
1619413206.05494	INDIAN RIVER	100105	Available	CLEVELAND CLINIC INDIAN RIVER HOSPITAL	104
1619413206.05494	INDIAN RIVER	100105	Available Capacity	CLEVELAND CLINIC INDIAN RIVER HOSPITAL	0.334405145
1619413206.05494	INDIAN RIVER	100105	Bed Census	CLEVELAND CLINIC INDIAN RIVER HOSPITAL	207
1619413206.05494	INDIAN RIVER	100105	Total Staffed Bed Capacity	CLEVELAND CLINIC INDIAN RIVER HOSPITAL	311
1619413206.05494	INDIAN RIVER	100217	Available	STEWARD SEBASTIAN RIVER MEDICAL CENTER	7
1619413206.05494	INDIAN RIVER	100217	Available Capacity	STEWARD SEBASTIAN RIVER MEDICAL CENTER	0.076923077
1619413206.05494	INDIAN RIVER	100217	Bed Census	STEWARD SEBASTIAN RIVER MEDICAL CENTER	84
1619413206.05494	INDIAN RIVER	100217	Total Staffed Bed Capacity	STEWARD SEBASTIAN RIVER MEDICAL CENTER	91
1619413206.05494	INDIAN RIVER	110017	Available	ENCOMPASS HEALTH REHABILITATION HOSPITAL OF TREASURE COAST	12
1619413206.05494	INDIAN RIVER	110017	Available Capacity	ENCOMPASS HEALTH REHABILITATION HOSPITAL OF TREASURE COAST	0.184615385
1619413206.05494	INDIAN RIVER	110017	Bed Census	ENCOMPASS HEALTH REHABILITATION HOSPITAL OF TREASURE COAST	53
1619413206.05494	INDIAN RIVER	110017	Total Staffed Bed Capacity	ENCOMPASS HEALTH REHABILITATION HOSPITAL OF TREASURE COAST	65
1619413206.05494	JACKSON	100138	Available	CAMPBELLTON-GRACEVILLE HOSPITAL	0
1619413206.05494	JACKSON	100138	Available Capacity	CAMPBELLTON-GRACEVILLE HOSPITAL	NA
1619413206.05494	JACKSON	100138	Bed Census	CAMPBELLTON-GRACEVILLE HOSPITAL	0
1619413206.05494	JACKSON	100138	Total Staffed Bed Capacity	CAMPBELLTON-GRACEVILLE HOSPITAL	0
1619413206.05494	JACKSON	100142	Available	JACKSON HOSPITAL	47
1619413206.05494	JACKSON	100142	Available Capacity	JACKSON HOSPITAL	0.573170732
1619413206.05494	JACKSON	100142	Bed Census	JACKSON HOSPITAL	35
1619413206.05494	JACKSON	100142	Total Staffed Bed Capacity	JACKSON HOSPITAL	82
1619413206.05494	LAKE	100057	Available	ADVENTHEALTH WATERMAN	114
1619413206.05494	LAKE	100057	Available Capacity	ADVENTHEALTH WATERMAN	0.38
1619413206.05494	LAKE	100057	Bed Census	ADVENTHEALTH WATERMAN	186
1619413206.05494	LAKE	100057	Total Staffed Bed Capacity	ADVENTHEALTH WATERMAN	300
1619413206.05494	LAKE	100084	Available	UF HEALTH LEESBURG HOSPITAL INC	89
1619413206.05494	LAKE	100084	Available Capacity	UF HEALTH LEESBURG HOSPITAL INC	0.26969697
1619413206.05494	LAKE	100084	Bed Census	UF HEALTH LEESBURG HOSPITAL INC	241
1619413206.05494	LAKE	100084	Total Staffed Bed Capacity	UF HEALTH LEESBURG HOSPITAL INC	330
1619413206.05494	LAKE	100214	Available	UF HEALTH LEESBURG SENIOR BEHAVIORAL HEALTH CENTER	12
1619413206.05494	LAKE	100214	Available Capacity	UF HEALTH LEESBURG SENIOR BEHAVIORAL HEALTH CENTER	0.571428571
1619413206.05494	LAKE	100214	Bed Census	UF HEALTH LEESBURG SENIOR BEHAVIORAL HEALTH CENTER	9
1619413206.05494	LAKE	100214	Total Staffed Bed Capacity	UF HEALTH LEESBURG SENIOR BEHAVIORAL HEALTH CENTER	21
1619413206.05494	LAKE	104018	Available	LIFESTREAM BEHAVIORAL CENTER	15
1619413206.05494	LAKE	104018	Available Capacity	LIFESTREAM BEHAVIORAL CENTER	0.326086957
1619413206.05494	LAKE	104018	Bed Census	LIFESTREAM BEHAVIORAL CENTER	31
1619413206.05494	LAKE	104018	Total Staffed Bed Capacity	LIFESTREAM BEHAVIORAL CENTER	46
1619413206.05494	LEE	100012	Available	LEE MEMORIAL HOSPITAL	34
1619413206.05494	LEE	100012	Available Capacity	LEE MEMORIAL HOSPITAL	0.101190476
1619413206.05494	LEE	100012	Bed Census	LEE MEMORIAL HOSPITAL	302
1619413206.05494	LEE	100012	Total Staffed Bed Capacity	LEE MEMORIAL HOSPITAL	336
1619413206.05494	LEE	100107	Available	LEHIGH REGIONAL MEDICAL CENTER	16
1619413206.05494	LEE	100107	Available Capacity	LEHIGH REGIONAL MEDICAL CENTER	0.363636364
1619413206.05494	LEE	100107	Bed Census	LEHIGH REGIONAL MEDICAL CENTER	28
1619413206.05494	LEE	100107	Total Staffed Bed Capacity	LEHIGH REGIONAL MEDICAL CENTER	44
1619413206.05494	LEE	100220	Available	GULF COAST MEDICAL CENTER LEE MEMORIAL HEALTH SYSTEM	139
1619413206.05494	LEE	100220	Available Capacity	GULF COAST MEDICAL CENTER LEE MEMORIAL HEALTH SYSTEM	0.239242685
1619413206.05494	LEE	100220	Bed Census	GULF COAST MEDICAL CENTER LEE MEMORIAL HEALTH SYSTEM	442
1619413206.05494	LEE	100220	Total Staffed Bed Capacity	GULF COAST MEDICAL CENTER LEE MEMORIAL HEALTH SYSTEM	581
1619413206.05494	LEE	23960107	Available	SELECT SPECIALTY HOSPITAL-FORT MYERS	15
1619413206.05494	LEE	23960107	Available Capacity	SELECT SPECIALTY HOSPITAL-FORT MYERS	0.25
1619413206.05494	LEE	23960107	Bed Census	SELECT SPECIALTY HOSPITAL-FORT MYERS	45
1619413206.05494	LEE	23960107	Total Staffed Bed Capacity	SELECT SPECIALTY HOSPITAL-FORT MYERS	60
1619413206.05494	LEON	100135	Available	TALLAHASSEE MEMORIAL HOSPITAL	60
1619413206.05494	LEON	100135	Available Capacity	TALLAHASSEE MEMORIAL HOSPITAL	0.134529148
1619413206.05494	LEON	100135	Bed Census	TALLAHASSEE MEMORIAL HOSPITAL	386
1619413206.05494	LEON	100135	Total Staffed Bed Capacity	TALLAHASSEE MEMORIAL HOSPITAL	446
1619413206.05494	LEON	100254	Available	CAPITAL REGIONAL MEDICAL CENTER	44
1619413206.05494	LEON	100254	Available Capacity	CAPITAL REGIONAL MEDICAL CENTER	0.168582375
1619413206.05494	LEON	100254	Bed Census	CAPITAL REGIONAL MEDICAL CENTER	217
1619413206.05494	LEON	100254	Total Staffed Bed Capacity	CAPITAL REGIONAL MEDICAL CENTER	261
1619413206.05494	LEON	110021	Available	ENCOMPASS HEALTH REHABILITATION HOSPITAL OF TALLAHASSEE	16
1619413206.05494	LEON	110021	Available Capacity	ENCOMPASS HEALTH REHABILITATION HOSPITAL OF TALLAHASSEE	0.290909091
1619413206.05494	LEON	110021	Bed Census	ENCOMPASS HEALTH REHABILITATION HOSPITAL OF TALLAHASSEE	39
1619413206.05494	LEON	110021	Total Staffed Bed Capacity	ENCOMPASS HEALTH REHABILITATION HOSPITAL OF TALLAHASSEE	55
1619413206.05494	LEON	110044	Available	EASTSIDE PSYCHIATRIC HOSPITAL	8
1619413206.05494	LEON	110044	Available Capacity	EASTSIDE PSYCHIATRIC HOSPITAL	0.285714286
1619413206.05494	LEON	110044	Bed Census	EASTSIDE PSYCHIATRIC HOSPITAL	20
1619413206.05494	LEON	110044	Total Staffed Bed Capacity	EASTSIDE PSYCHIATRIC HOSPITAL	28
1619413206.05494	LEON	23960059	Available	SELECT SPECIALTY HOSPITAL - TALLAHASSEE	21
1619413206.05494	LEON	23960059	Available Capacity	SELECT SPECIALTY HOSPITAL - TALLAHASSEE	0.4375
1619413206.05494	LEON	23960059	Bed Census	SELECT SPECIALTY HOSPITAL - TALLAHASSEE	27
1619413206.05494	LEON	23960059	Total Staffed Bed Capacity	SELECT SPECIALTY HOSPITAL - TALLAHASSEE	48
1619413206.05494	MADISON	100004	Available	MADISON COUNTY MEMORIAL HOSPITAL	8
1619413206.05494	MADISON	100004	Available Capacity	MADISON COUNTY MEMORIAL HOSPITAL	0.533333333
1619413206.05494	MADISON	100004	Bed Census	MADISON COUNTY MEMORIAL HOSPITAL	7
1619413206.05494	MADISON	100004	Total Staffed Bed Capacity	MADISON COUNTY MEMORIAL HOSPITAL	15
1619413206.05494	MANATEE	100035	Available	MANATEE MEMORIAL HOSPITAL	31
1619413206.05494	MANATEE	100035	Available Capacity	MANATEE MEMORIAL HOSPITAL	0.107638889
1619413206.05494	MANATEE	100035	Bed Census	MANATEE MEMORIAL HOSPITAL	257
1619413206.05494	MANATEE	100035	Total Staffed Bed Capacity	MANATEE MEMORIAL HOSPITAL	288
1619413206.05494	MANATEE	100213	Available	BLAKE MEDICAL CENTER	7
1619413206.05494	MANATEE	100213	Available Capacity	BLAKE MEDICAL CENTER	0.026022305
1619413206.05494	MANATEE	100213	Bed Census	BLAKE MEDICAL CENTER	262
1619413206.05494	MANATEE	100213	Total Staffed Bed Capacity	BLAKE MEDICAL CENTER	269
1619413206.05494	MANATEE	110028	Available	CENTERSTONE OF FLORIDA	4
1619413206.05494	MANATEE	110028	Available Capacity	CENTERSTONE OF FLORIDA	0.108108108
1619413206.05494	MANATEE	110028	Bed Census	CENTERSTONE OF FLORIDA	33
1619413206.05494	MANATEE	110028	Total Staffed Bed Capacity	CENTERSTONE OF FLORIDA	37
1619413206.05494	MANATEE	110049	Available	SUNCOAST BEHAVIORAL HEALTH CENTER	31
1619413206.05494	MANATEE	110049	Available Capacity	SUNCOAST BEHAVIORAL HEALTH CENTER	0.516666667
1619413206.05494	MANATEE	110049	Bed Census	SUNCOAST BEHAVIORAL HEALTH CENTER	29
1619413206.05494	MANATEE	110049	Total Staffed Bed Capacity	SUNCOAST BEHAVIORAL HEALTH CENTER	60
1619413206.05494	MARION	100062	Available	ADVENTHEALTH OCALA	13
1619413206.05494	MARION	100062	Available Capacity	ADVENTHEALTH OCALA	0.04797048
1619413206.05494	MARION	100062	Bed Census	ADVENTHEALTH OCALA	258
1619413206.05494	MARION	100062	Total Staffed Bed Capacity	ADVENTHEALTH OCALA	271
1619413206.05494	MARION	100212	Available	OCALA REGIONAL MEDICAL CENTER	23
1619413206.05494	MARION	100212	Available Capacity	OCALA REGIONAL MEDICAL CENTER	0.079861111
1619413206.05494	MARION	100212	Bed Census	OCALA REGIONAL MEDICAL CENTER	265
1619413206.05494	MARION	100212	Total Staffed Bed Capacity	OCALA REGIONAL MEDICAL CENTER	288
1619413206.05494	MARION	23960039	Available	WEST MARION COMMUNITY HOSPITAL	15
1619413206.05494	MARION	23960039	Available Capacity	WEST MARION COMMUNITY HOSPITAL	0.080645161
1619413206.05494	MARION	23960039	Bed Census	WEST MARION COMMUNITY HOSPITAL	171
1619413206.05494	MARION	23960039	Total Staffed Bed Capacity	WEST MARION COMMUNITY HOSPITAL	186
1619413206.05494	MARION	23960060	Available	KINDRED HOSPITAL OCALA	3
1619413206.05494	MARION	23960060	Available Capacity	KINDRED HOSPITAL OCALA	0.166666667
1619413206.05494	MARION	23960060	Bed Census	KINDRED HOSPITAL OCALA	15
1619413206.05494	MARION	23960060	Total Staffed Bed Capacity	KINDRED HOSPITAL OCALA	18
1619413206.05494	MARION	23960073	Available	THE VINES HOSPITAL	34
1619413206.05494	MARION	23960073	Available Capacity	THE VINES HOSPITAL	0.346938776
1619413206.05494	MARION	23960073	Bed Census	THE VINES HOSPITAL	64
1619413206.05494	MARION	23960073	Total Staffed Bed Capacity	THE VINES HOSPITAL	98
1619413206.05494	MARTIN	100044	Available	CLEVELAND CLINIC MARTIN NORTH HOSPITAL	63
1619413206.05494	MARTIN	100044	Available Capacity	CLEVELAND CLINIC MARTIN NORTH HOSPITAL	0.35
1619413206.05494	MARTIN	100044	Bed Census	CLEVELAND CLINIC MARTIN NORTH HOSPITAL	117
1619413206.05494	MARTIN	100044	Total Staffed Bed Capacity	CLEVELAND CLINIC MARTIN NORTH HOSPITAL	180
1619413206.05494	MARTIN	120009	Available	CLEVELAND CLINIC MARTIN SOUTH HOSPITAL	21
1619413206.05494	MARTIN	120009	Available Capacity	CLEVELAND CLINIC MARTIN SOUTH HOSPITAL	0.253012048
1619413206.05494	MARTIN	120009	Bed Census	CLEVELAND CLINIC MARTIN SOUTH HOSPITAL	62
1619413206.05494	MARTIN	120009	Total Staffed Bed Capacity	CLEVELAND CLINIC MARTIN SOUTH HOSPITAL	83
1619413206.05494	MARTIN	23960112	Available	ENCOMPASS HEALTH REHAB HOSPITAL AN AFFILIATE OF MARTIN HEALTH	3
1619413206.05494	MARTIN	23960112	Available Capacity	ENCOMPASS HEALTH REHAB HOSPITAL AN AFFILIATE OF MARTIN HEALTH	0.0375
1619413206.05494	MARTIN	23960112	Bed Census	ENCOMPASS HEALTH REHAB HOSPITAL AN AFFILIATE OF MARTIN HEALTH	77
1619413206.05494	MARTIN	23960112	Total Staffed Bed Capacity	ENCOMPASS HEALTH REHAB HOSPITAL AN AFFILIATE OF MARTIN HEALTH	80
1619413206.05494	MARTIN	23960125	Available	CORAL SHORES BEHAVIORAL HEALTH	49
1619413206.05494	MARTIN	23960125	Available Capacity	CORAL SHORES BEHAVIORAL HEALTH	0.6125
1619413206.05494	MARTIN	23960125	Bed Census	CORAL SHORES BEHAVIORAL HEALTH	31
1619413206.05494	MARTIN	23960125	Total Staffed Bed Capacity	CORAL SHORES BEHAVIORAL HEALTH	80
1619413206.05494	MIAMI-DADE	100008	Available	BAPTIST HOSPITAL OF MIAMI	85
1619413206.05494	MIAMI-DADE	100008	Available Capacity	BAPTIST HOSPITAL OF MIAMI	0.110821382
1619413206.05494	MIAMI-DADE	100008	Bed Census	BAPTIST HOSPITAL OF MIAMI	682
1619413206.05494	MIAMI-DADE	100008	Total Staffed Bed Capacity	BAPTIST HOSPITAL OF MIAMI	767
1619413206.05494	MIAMI-DADE	100020	Available	DOCTORS HOSPITAL	26
1619413206.05494	MIAMI-DADE	100020	Available Capacity	DOCTORS HOSPITAL	0.192592593
1619413206.05494	MIAMI-DADE	100020	Bed Census	DOCTORS HOSPITAL	109
1619413206.05494	MIAMI-DADE	100020	Total Staffed Bed Capacity	DOCTORS HOSPITAL	135
1619413206.05494	MIAMI-DADE	100022	Available	JACKSON MEMORIAL HOSPITAL	416
1619413206.05494	MIAMI-DADE	100022	Available Capacity	JACKSON MEMORIAL HOSPITAL	0.259028643
1619413206.05494	MIAMI-DADE	100022	Bed Census	JACKSON MEMORIAL HOSPITAL	1190
1619413206.05494	MIAMI-DADE	100022	Total Staffed Bed Capacity	JACKSON MEMORIAL HOSPITAL	1606
1619413206.05494	MIAMI-DADE	100034	Available	MOUNT SINAI MEDICAL CENTER	191
1619413206.05494	MIAMI-DADE	100034	Available Capacity	MOUNT SINAI MEDICAL CENTER	0.344765343
1619413206.05494	MIAMI-DADE	100034	Bed Census	MOUNT SINAI MEDICAL CENTER	363
1619413206.05494	MIAMI-DADE	100034	Total Staffed Bed Capacity	MOUNT SINAI MEDICAL CENTER	554
1619413206.05494	MIAMI-DADE	100050	Available	LARKIN COMMUNITY HOSPITAL PALM SPRINGS CAMPUS	105
1619413206.05494	MIAMI-DADE	100050	Available Capacity	LARKIN COMMUNITY HOSPITAL PALM SPRINGS CAMPUS	0.610465116
1619413206.05494	MIAMI-DADE	100050	Bed Census	LARKIN COMMUNITY HOSPITAL PALM SPRINGS CAMPUS	67
1619413206.05494	MIAMI-DADE	100050	Total Staffed Bed Capacity	LARKIN COMMUNITY HOSPITAL PALM SPRINGS CAMPUS	172
1619413206.05494	MIAMI-DADE	100053	Available	HIALEAH HOSPITAL	53
1619413206.05494	MIAMI-DADE	100053	Available Capacity	HIALEAH HOSPITAL	0.267676768
1619413206.05494	MIAMI-DADE	100053	Bed Census	HIALEAH HOSPITAL	145
1619413206.05494	MIAMI-DADE	100053	Total Staffed Bed Capacity	HIALEAH HOSPITAL	198
1619413206.05494	MIAMI-DADE	100061	Available	MERCY HOSPITAL, A CAMPUS OF PLANTATION GENERAL HOSPITAL	175
1619413206.05494	MIAMI-DADE	100061	Available Capacity	MERCY HOSPITAL, A CAMPUS OF PLANTATION GENERAL HOSPITAL	0.401376147
1619413206.05494	MIAMI-DADE	100061	Bed Census	MERCY HOSPITAL, A CAMPUS OF PLANTATION GENERAL HOSPITAL	261
1619413206.05494	MIAMI-DADE	100061	Total Staffed Bed Capacity	MERCY HOSPITAL, A CAMPUS OF PLANTATION GENERAL HOSPITAL	436
1619413206.05494	MIAMI-DADE	100076	Available	VARIETY CHILDREN'S HOSPITAL	0
1619413206.05494	MIAMI-DADE	100076	Available Capacity	VARIETY CHILDREN'S HOSPITAL	NA
1619413206.05494	MIAMI-DADE	100076	Bed Census	VARIETY CHILDREN'S HOSPITAL	0
1619413206.05494	MIAMI-DADE	100076	Total Staffed Bed Capacity	VARIETY CHILDREN'S HOSPITAL	0
1619413206.05494	MIAMI-DADE	100079	Available	UNIVERSITY OF MIAMI HOSPITAL AND CLINICS-SYLVESTER COMPREHENSIVE	29
1619413206.05494	MIAMI-DADE	100079	Available Capacity	UNIVERSITY OF MIAMI HOSPITAL AND CLINICS-SYLVESTER COMPREHENSIVE	0.58
1619413206.05494	MIAMI-DADE	100079	Bed Census	UNIVERSITY OF MIAMI HOSPITAL AND CLINICS-SYLVESTER COMPREHENSIVE	21
1619413206.05494	MIAMI-DADE	100079	Total Staffed Bed Capacity	UNIVERSITY OF MIAMI HOSPITAL AND CLINICS-SYLVESTER COMPREHENSIVE	50
1619413206.05494	MIAMI-DADE	100114	Available	JACKSON NORTH MEDICAL CENTER	24
1619413206.05494	MIAMI-DADE	100114	Available Capacity	JACKSON NORTH MEDICAL CENTER	0.051612903
1619413206.05494	MIAMI-DADE	100114	Bed Census	JACKSON NORTH MEDICAL CENTER	441
1619413206.05494	MIAMI-DADE	100114	Total Staffed Bed Capacity	JACKSON NORTH MEDICAL CENTER	465
1619413206.05494	MIAMI-DADE	100125	Available	HOMESTEAD HOSPITAL	15
1619413206.05494	MIAMI-DADE	100125	Available Capacity	HOMESTEAD HOSPITAL	0.096774194
1619413206.05494	MIAMI-DADE	100125	Bed Census	HOMESTEAD HOSPITAL	140
1619413206.05494	MIAMI-DADE	100125	Total Staffed Bed Capacity	HOMESTEAD HOSPITAL	155
1619413206.05494	MIAMI-DADE	100131	Available	AVENTURA HOSPITAL AND MEDICAL CENTER	59
1619413206.05494	MIAMI-DADE	100131	Available Capacity	AVENTURA HOSPITAL AND MEDICAL CENTER	0.143203883
1619413206.05494	MIAMI-DADE	100131	Bed Census	AVENTURA HOSPITAL AND MEDICAL CENTER	353
1619413206.05494	MIAMI-DADE	100131	Total Staffed Bed Capacity	AVENTURA HOSPITAL AND MEDICAL CENTER	412
1619413206.05494	MIAMI-DADE	100154	Available	SOUTH MIAMI HOSPITAL	72
1619413206.05494	MIAMI-DADE	100154	Available Capacity	SOUTH MIAMI HOSPITAL	0.161797753
1619413206.05494	MIAMI-DADE	100154	Bed Census	SOUTH MIAMI HOSPITAL	373
1619413206.05494	MIAMI-DADE	100154	Total Staffed Bed Capacity	SOUTH MIAMI HOSPITAL	445
1619413206.05494	MIAMI-DADE	100165	Available	KERALTY HOSPITAL	21
1619413206.05494	MIAMI-DADE	100165	Available Capacity	KERALTY HOSPITAL	0.22826087
1619413206.05494	MIAMI-DADE	100165	Bed Census	KERALTY HOSPITAL	71
1619413206.05494	MIAMI-DADE	100165	Total Staffed Bed Capacity	KERALTY HOSPITAL	92
1619413206.05494	MIAMI-DADE	100181	Available	LARKIN COMMUNITY HOSPITAL	15
1619413206.05494	MIAMI-DADE	100181	Available Capacity	LARKIN COMMUNITY HOSPITAL	0.130434783
1619413206.05494	MIAMI-DADE	100181	Bed Census	LARKIN COMMUNITY HOSPITAL	100
1619413206.05494	MIAMI-DADE	100181	Total Staffed Bed Capacity	LARKIN COMMUNITY HOSPITAL	115
1619413206.05494	MIAMI-DADE	100183	Available	CORAL GABLES HOSPITAL	44
1619413206.05494	MIAMI-DADE	100183	Available Capacity	CORAL GABLES HOSPITAL	0.346456693
1619413206.05494	MIAMI-DADE	100183	Bed Census	CORAL GABLES HOSPITAL	83
1619413206.05494	MIAMI-DADE	100183	Total Staffed Bed Capacity	CORAL GABLES HOSPITAL	127
1619413206.05494	MIAMI-DADE	100187	Available	PALMETTO GENERAL HOSPITAL	242
1619413206.05494	MIAMI-DADE	100187	Available Capacity	PALMETTO GENERAL HOSPITAL	0.514893617
1619413206.05494	MIAMI-DADE	100187	Bed Census	PALMETTO GENERAL HOSPITAL	228
1619413206.05494	MIAMI-DADE	100187	Total Staffed Bed Capacity	PALMETTO GENERAL HOSPITAL	470
1619413206.05494	MIAMI-DADE	100197	Available	DOUGLAS GARDENS HOSPITAL	30
1619413206.05494	MIAMI-DADE	100197	Available Capacity	DOUGLAS GARDENS HOSPITAL	0.9375
1619413206.05494	MIAMI-DADE	100197	Bed Census	DOUGLAS GARDENS HOSPITAL	2
1619413206.05494	MIAMI-DADE	100197	Total Staffed Bed Capacity	DOUGLAS GARDENS HOSPITAL	32
1619413206.05494	MIAMI-DADE	100208	Available	JACKSON SOUTH MEDICAL CENTER	46
1619413206.05494	MIAMI-DADE	100208	Available Capacity	JACKSON SOUTH MEDICAL CENTER	0.196581197
1619413206.05494	MIAMI-DADE	100208	Bed Census	JACKSON SOUTH MEDICAL CENTER	188
1619413206.05494	MIAMI-DADE	100208	Total Staffed Bed Capacity	JACKSON SOUTH MEDICAL CENTER	234
1619413206.05494	MIAMI-DADE	100209	Available	KENDALL REGIONAL MEDICAL CENTER	128
1619413206.05494	MIAMI-DADE	100209	Available Capacity	KENDALL REGIONAL MEDICAL CENTER	0.28959276
1619413206.05494	MIAMI-DADE	100209	Bed Census	KENDALL REGIONAL MEDICAL CENTER	314
1619413206.05494	MIAMI-DADE	100209	Total Staffed Bed Capacity	KENDALL REGIONAL MEDICAL CENTER	442
1619413206.05494	MIAMI-DADE	100240	Available	UNIVERSITY OF MIAMI HOSPITAL AND CLINICS-BASCOM PALMER EYE INST	7
1619413206.05494	MIAMI-DADE	100240	Available Capacity	UNIVERSITY OF MIAMI HOSPITAL AND CLINICS-BASCOM PALMER EYE INST	1
1619413206.05494	MIAMI-DADE	100240	Bed Census	UNIVERSITY OF MIAMI HOSPITAL AND CLINICS-BASCOM PALMER EYE INST	0
1619413206.05494	MIAMI-DADE	100240	Total Staffed Bed Capacity	UNIVERSITY OF MIAMI HOSPITAL AND CLINICS-BASCOM PALMER EYE INST	7
1619413206.05494	MIAMI-DADE	103004	Available	ST CATHERINE'S REHABILITATION HOSPITAL	13
1619413206.05494	MIAMI-DADE	103004	Available Capacity	ST CATHERINE'S REHABILITATION HOSPITAL	0.590909091
1619413206.05494	MIAMI-DADE	103004	Bed Census	ST CATHERINE'S REHABILITATION HOSPITAL	9
1619413206.05494	MIAMI-DADE	103004	Total Staffed Bed Capacity	ST CATHERINE'S REHABILITATION HOSPITAL	22
1619413206.05494	MIAMI-DADE	103038	Available	ENCOMPASS HEALTH REHABILITATION HOSPITAL OF MIAMI	13
1619413206.05494	MIAMI-DADE	103038	Available Capacity	ENCOMPASS HEALTH REHABILITATION HOSPITAL OF MIAMI	0.216666667
1619413206.05494	MIAMI-DADE	103038	Bed Census	ENCOMPASS HEALTH REHABILITATION HOSPITAL OF MIAMI	47
1619413206.05494	MIAMI-DADE	103038	Total Staffed Bed Capacity	ENCOMPASS HEALTH REHABILITATION HOSPITAL OF MIAMI	60
1619413206.05494	MIAMI-DADE	110040	Available	SOUTHERN WINDS	2
1619413206.05494	MIAMI-DADE	110040	Available Capacity	SOUTHERN WINDS	0.027777778
1619413206.05494	MIAMI-DADE	110040	Bed Census	SOUTHERN WINDS	70
1619413206.05494	MIAMI-DADE	110040	Total Staffed Bed Capacity	SOUTHERN WINDS	72
1619413206.05494	MIAMI-DADE	110041	Available	WEST GABLES REHABILITATION HOSPITAL	2
1619413206.05494	MIAMI-DADE	110041	Available Capacity	WEST GABLES REHABILITATION HOSPITAL	0.033333333
1619413206.05494	MIAMI-DADE	110041	Bed Census	WEST GABLES REHABILITATION HOSPITAL	58
1619413206.05494	MIAMI-DADE	110041	Total Staffed Bed Capacity	WEST GABLES REHABILITATION HOSPITAL	60
1619413206.05494	MIAMI-DADE	110199	Available	NICKLAUS CHILDREN'S HOSPITAL	76
1619413206.05494	MIAMI-DADE	110199	Available Capacity	NICKLAUS CHILDREN'S HOSPITAL	0.280442804
1619413206.05494	MIAMI-DADE	110199	Bed Census	NICKLAUS CHILDREN'S HOSPITAL	195
1619413206.05494	MIAMI-DADE	110199	Total Staffed Bed Capacity	NICKLAUS CHILDREN'S HOSPITAL	271
1619413206.05494	MIAMI-DADE	120014	Available	SOUTH FLORIDA EVALUATION AND TREATMENT CENTER	0
1619413206.05494	MIAMI-DADE	120014	Available Capacity	SOUTH FLORIDA EVALUATION AND TREATMENT CENTER	0
1619413206.05494	MIAMI-DADE	120014	Bed Census	SOUTH FLORIDA EVALUATION AND TREATMENT CENTER	187
1619413206.05494	MIAMI-DADE	120014	Total Staffed Bed Capacity	SOUTH FLORIDA EVALUATION AND TREATMENT CENTER	187
1619413206.05494	MIAMI-DADE	23960028	Available	SELECT SPECIALTY HOSPITAL-MIAMI	3
1619413206.05494	MIAMI-DADE	23960028	Available Capacity	SELECT SPECIALTY HOSPITAL-MIAMI	0.063829787
1619413206.05494	MIAMI-DADE	23960028	Bed Census	SELECT SPECIALTY HOSPITAL-MIAMI	44
1619413206.05494	MIAMI-DADE	23960028	Total Staffed Bed Capacity	SELECT SPECIALTY HOSPITAL-MIAMI	47
1619413206.05494	MIAMI-DADE	23960064	Available	WEST KENDALL BAPTIST HOSPITAL	10
1619413206.05494	MIAMI-DADE	23960064	Available Capacity	WEST KENDALL BAPTIST HOSPITAL	0.068965517
1619413206.05494	MIAMI-DADE	23960064	Bed Census	WEST KENDALL BAPTIST HOSPITAL	135
1619413206.05494	MIAMI-DADE	23960064	Total Staffed Bed Capacity	WEST KENDALL BAPTIST HOSPITAL	145
1619413206.05494	MIAMI-DADE	23960094	Available	SELECT SPECIALTY HOSPITAL-MIAMI LAKES	0
1619413206.05494	MIAMI-DADE	23960094	Available Capacity	SELECT SPECIALTY HOSPITAL-MIAMI LAKES	0
1619413206.05494	MIAMI-DADE	23960094	Bed Census	SELECT SPECIALTY HOSPITAL-MIAMI LAKES	59
1619413206.05494	MIAMI-DADE	23960094	Total Staffed Bed Capacity	SELECT SPECIALTY HOSPITAL-MIAMI LAKES	59
1619413206.05494	MIAMI-DADE	23960097	Available	ST CATHERINE'S WEST REHABILITATION HOSPITAL	24
1619413206.05494	MIAMI-DADE	23960097	Available Capacity	ST CATHERINE'S WEST REHABILITATION HOSPITAL	0.6
1619413206.05494	MIAMI-DADE	23960097	Bed Census	ST CATHERINE'S WEST REHABILITATION HOSPITAL	16
1619413206.05494	MIAMI-DADE	23960097	Total Staffed Bed Capacity	ST CATHERINE'S WEST REHABILITATION HOSPITAL	40
1619413206.05494	MONROE	100150	Available	DEPOO HOSPITAL	30
1619413206.05494	MONROE	100150	Available Capacity	DEPOO HOSPITAL	0.652173913
1619413206.05494	MONROE	100150	Bed Census	DEPOO HOSPITAL	16
1619413206.05494	MONROE	100150	Total Staffed Bed Capacity	DEPOO HOSPITAL	46
1619413206.05494	MONROE	100160	Available	MARINERS HOSPITAL	7
1619413206.05494	MONROE	100160	Available Capacity	MARINERS HOSPITAL	0.170731707
1619413206.05494	MONROE	100160	Bed Census	MARINERS HOSPITAL	34
1619413206.05494	MONROE	100160	Total Staffed Bed Capacity	MARINERS HOSPITAL	41
1619413206.05494	MONROE	100195	Available	LOWER KEYS MEDICAL CENTER	28
1619413206.05494	MONROE	100195	Available Capacity	LOWER KEYS MEDICAL CENTER	0.538461538
1619413206.05494	MONROE	100195	Bed Census	LOWER KEYS MEDICAL CENTER	24
1619413206.05494	MONROE	100195	Total Staffed Bed Capacity	LOWER KEYS MEDICAL CENTER	52
1619413206.05494	NASSAU	100140	Available	BAPTIST MEDICAL CENTER NASSAU	36
1619413206.05494	NASSAU	100140	Available Capacity	BAPTIST MEDICAL CENTER NASSAU	0.529411765
1619413206.05494	NASSAU	100140	Bed Census	BAPTIST MEDICAL CENTER NASSAU	32
1619413206.05494	NASSAU	100140	Total Staffed Bed Capacity	BAPTIST MEDICAL CENTER NASSAU	68
1619413206.05494	OKALOOSA	100054	Available	TWIN CITIES HOSPITAL	22
1619413206.05494	OKALOOSA	100054	Available Capacity	TWIN CITIES HOSPITAL	0.511627907
1619413206.05494	OKALOOSA	100054	Bed Census	TWIN CITIES HOSPITAL	21
1619413206.05494	OKALOOSA	100054	Total Staffed Bed Capacity	TWIN CITIES HOSPITAL	43
1619413206.05494	OKALOOSA	100122	Available	NORTH OKALOOSA MEDICAL CENTER	62
1619413206.05494	OKALOOSA	100122	Available Capacity	NORTH OKALOOSA MEDICAL CENTER	0.496
1619413206.05494	OKALOOSA	100122	Bed Census	NORTH OKALOOSA MEDICAL CENTER	63
1619413206.05494	OKALOOSA	100122	Total Staffed Bed Capacity	NORTH OKALOOSA MEDICAL CENTER	125
1619413206.05494	OKALOOSA	100223	Available	FORT WALTON BEACH MEDICAL CENTER	15
1619413206.05494	OKALOOSA	100223	Available Capacity	FORT WALTON BEACH MEDICAL CENTER	0.062240664
1619413206.05494	OKALOOSA	100223	Bed Census	FORT WALTON BEACH MEDICAL CENTER	226
1619413206.05494	OKALOOSA	100223	Total Staffed Bed Capacity	FORT WALTON BEACH MEDICAL CENTER	241
1619413206.05494	OKALOOSA	111520	Available	GULF COAST TREATMENT CENTER	0
1619413206.05494	OKALOOSA	111520	Available Capacity	GULF COAST TREATMENT CENTER	0
1619413206.05494	OKALOOSA	111520	Bed Census	GULF COAST TREATMENT CENTER	20
1619413206.05494	OKALOOSA	111520	Total Staffed Bed Capacity	GULF COAST TREATMENT CENTER	20
1619413206.05494	OKALOOSA	23960106	Available	REHABILITATION INSTITUTE OF NORTHWEST FLORIDA, THE	14
1619413206.05494	OKALOOSA	23960106	Available Capacity	REHABILITATION INSTITUTE OF NORTHWEST FLORIDA, THE	0.466666667
1619413206.05494	OKALOOSA	23960106	Bed Census	REHABILITATION INSTITUTE OF NORTHWEST FLORIDA, THE	16
1619413206.05494	OKALOOSA	23960106	Total Staffed Bed Capacity	REHABILITATION INSTITUTE OF NORTHWEST FLORIDA, THE	30
1619413206.05494	OKEECHOBEE	100252	Available	RAULERSON HOSPITAL	54
1619413206.05494	OKEECHOBEE	100252	Available Capacity	RAULERSON HOSPITAL	0.54
1619413206.05494	OKEECHOBEE	100252	Bed Census	RAULERSON HOSPITAL	46
1619413206.05494	OKEECHOBEE	100252	Total Staffed Bed Capacity	RAULERSON HOSPITAL	100
1619413206.05494	ORANGE	100129	Available	ASPIRE HEALTH PARTNERS	8
1619413206.05494	ORANGE	100129	Available Capacity	ASPIRE HEALTH PARTNERS	0.148148148
1619413206.05494	ORANGE	100129	Bed Census	ASPIRE HEALTH PARTNERS	46
1619413206.05494	ORANGE	100129	Total Staffed Bed Capacity	ASPIRE HEALTH PARTNERS	54
1619413206.05494	ORANGE	110051	Available	LA AMISTAD RESIDENTIAL TREATMENT CENTER	0
1619413206.05494	ORANGE	110051	Available Capacity	LA AMISTAD RESIDENTIAL TREATMENT CENTER	0
1619413206.05494	ORANGE	110051	Bed Census	LA AMISTAD RESIDENTIAL TREATMENT CENTER	41
1619413206.05494	ORANGE	110051	Total Staffed Bed Capacity	LA AMISTAD RESIDENTIAL TREATMENT CENTER	41
1619413206.05494	ORANGE	23960043	Available	SELECT SPECIALTY HOSPITAL - ORLANDO (NORTH CAMPUS)	5
1619413206.05494	ORANGE	23960043	Available Capacity	SELECT SPECIALTY HOSPITAL - ORLANDO (NORTH CAMPUS)	0.142857143
1619413206.05494	ORANGE	23960043	Bed Census	SELECT SPECIALTY HOSPITAL - ORLANDO (NORTH CAMPUS)	30
1619413206.05494	ORANGE	23960043	Total Staffed Bed Capacity	SELECT SPECIALTY HOSPITAL - ORLANDO (NORTH CAMPUS)	35
1619413206.05494	ORANGE	23960068	Available	SELECT SPECIALTY HOSPITAL - ORLANDO (SOUTH CAMPUS)	0
1619413206.05494	ORANGE	23960068	Available Capacity	SELECT SPECIALTY HOSPITAL - ORLANDO (SOUTH CAMPUS)	0
1619413206.05494	ORANGE	23960068	Bed Census	SELECT SPECIALTY HOSPITAL - ORLANDO (SOUTH CAMPUS)	56
1619413206.05494	ORANGE	23960068	Total Staffed Bed Capacity	SELECT SPECIALTY HOSPITAL - ORLANDO (SOUTH CAMPUS)	56
1619413206.05494	ORANGE	23960096	Available	NEMOURS CHILDREN'S HOSPITAL	31
1619413206.05494	ORANGE	23960096	Available Capacity	NEMOURS CHILDREN'S HOSPITAL	0.274336283
1619413206.05494	ORANGE	23960096	Bed Census	NEMOURS CHILDREN'S HOSPITAL	82
1619413206.05494	ORANGE	23960096	Total Staffed Bed Capacity	NEMOURS CHILDREN'S HOSPITAL	113
1619413206.05494	ORANGE	23960158	Available	UCF Lake Nona Medical Center	21
1619413206.05494	ORANGE	23960158	Available Capacity	UCF Lake Nona Medical Center	0.525
1619413206.05494	ORANGE	23960158	Bed Census	UCF Lake Nona Medical Center	19
1619413206.05494	ORANGE	23960158	Total Staffed Bed Capacity	UCF Lake Nona Medical Center	40
1619413206.05494	OSCEOLA	23960111	Available	POINCIANA MEDICAL CENTER	9
1619413206.05494	OSCEOLA	23960111	Available Capacity	POINCIANA MEDICAL CENTER	0.118421053
1619413206.05494	OSCEOLA	23960111	Bed Census	POINCIANA MEDICAL CENTER	67
1619413206.05494	OSCEOLA	23960111	Total Staffed Bed Capacity	POINCIANA MEDICAL CENTER	76
1619413206.05494	OSCEOLA	23960129	Available	BLACKBERRY CENTER	9
1619413206.05494	OSCEOLA	23960129	Available Capacity	BLACKBERRY CENTER	0.140625
1619413206.05494	OSCEOLA	23960129	Bed Census	BLACKBERRY CENTER	55
1619413206.05494	OSCEOLA	23960129	Total Staffed Bed Capacity	BLACKBERRY CENTER	64
1619413206.05494	PALM BEACH	100002	Available	BETHESDA HOSPITAL EAST	147
1619413206.05494	PALM BEACH	100002	Available Capacity	BETHESDA HOSPITAL EAST	0.377892031
1619413206.05494	PALM BEACH	100002	Bed Census	BETHESDA HOSPITAL EAST	242
1619413206.05494	PALM BEACH	100002	Total Staffed Bed Capacity	BETHESDA HOSPITAL EAST	389
1619413206.05494	PALM BEACH	100010	Available	ST MARY'S MEDICAL CENTER	160
1619413206.05494	PALM BEACH	100010	Available Capacity	ST MARY'S MEDICAL CENTER	0.331950207
1619413206.05494	PALM BEACH	100010	Bed Census	ST MARY'S MEDICAL CENTER	322
1619413206.05494	PALM BEACH	100010	Total Staffed Bed Capacity	ST MARY'S MEDICAL CENTER	482
1619413206.05494	PALM BEACH	100080	Available	JFK MEDICAL CENTER	135
1619413206.05494	PALM BEACH	100080	Available Capacity	JFK MEDICAL CENTER	0.273279352
1619413206.05494	PALM BEACH	100080	Bed Census	JFK MEDICAL CENTER	359
1619413206.05494	PALM BEACH	100080	Total Staffed Bed Capacity	JFK MEDICAL CENTER	494
1619413206.05494	PALM BEACH	100130	Available	LAKESIDE MEDICAL CENTER	32
1619413206.05494	PALM BEACH	100130	Available Capacity	LAKESIDE MEDICAL CENTER	0.444444444
1619413206.05494	PALM BEACH	100130	Bed Census	LAKESIDE MEDICAL CENTER	40
1619413206.05494	PALM BEACH	100130	Total Staffed Bed Capacity	LAKESIDE MEDICAL CENTER	72
1619413206.05494	PALM BEACH	100168	Available	BOCA RATON REGIONAL HOSPITAL	63
1619413206.05494	PALM BEACH	100168	Available Capacity	BOCA RATON REGIONAL HOSPITAL	0.153658537
1619413206.05494	PALM BEACH	100168	Bed Census	BOCA RATON REGIONAL HOSPITAL	347
1619413206.05494	PALM BEACH	100168	Total Staffed Bed Capacity	BOCA RATON REGIONAL HOSPITAL	410
1619413206.05494	PALM BEACH	100176	Available	PALM BEACH GARDENS MEDICAL CENTER	46
1619413206.05494	PALM BEACH	100176	Available Capacity	PALM BEACH GARDENS MEDICAL CENTER	0.231155779
1619413206.05494	PALM BEACH	100176	Bed Census	PALM BEACH GARDENS MEDICAL CENTER	153
1619413206.05494	PALM BEACH	100176	Total Staffed Bed Capacity	PALM BEACH GARDENS MEDICAL CENTER	199
1619413206.05494	PALM BEACH	100234	Available	JFK MEDICAL CENTER NORTH CAMPUS	119
1619413206.05494	PALM BEACH	100234	Available Capacity	JFK MEDICAL CENTER NORTH CAMPUS	0.445692884
1619413206.05494	PALM BEACH	100234	Bed Census	JFK MEDICAL CENTER NORTH CAMPUS	148
1619413206.05494	PALM BEACH	100234	Total Staffed Bed Capacity	JFK MEDICAL CENTER NORTH CAMPUS	267
1619413206.05494	PALM BEACH	100253	Available	JUPITER MEDICAL CENTER	59
1619413206.05494	PALM BEACH	100253	Available Capacity	JUPITER MEDICAL CENTER	0.239837398
1619413206.05494	PALM BEACH	100253	Bed Census	JUPITER MEDICAL CENTER	187
1619413206.05494	PALM BEACH	100253	Total Staffed Bed Capacity	JUPITER MEDICAL CENTER	246
1619413206.05494	PALM BEACH	100258	Available	DELRAY MEDICAL CENTER	43
1619413206.05494	PALM BEACH	100258	Available Capacity	DELRAY MEDICAL CENTER	0.093073593
1619413206.05494	PALM BEACH	100258	Bed Census	DELRAY MEDICAL CENTER	419
1619413206.05494	PALM BEACH	100258	Total Staffed Bed Capacity	DELRAY MEDICAL CENTER	462
1619413206.05494	PALM BEACH	104008	Available	SUNVIEW MEDICAL CENTER	0
1619413206.05494	PALM BEACH	104008	Available Capacity	SUNVIEW MEDICAL CENTER	NA
1619413206.05494	PALM BEACH	104008	Bed Census	SUNVIEW MEDICAL CENTER	0
1619413206.05494	PALM BEACH	104008	Total Staffed Bed Capacity	SUNVIEW MEDICAL CENTER	0
1619413206.05494	PALM BEACH	110006	Available	PALMS WEST HOSPITAL	32
1619413206.05494	PALM BEACH	110006	Available Capacity	PALMS WEST HOSPITAL	0.156862745
1619413206.05494	PALM BEACH	110006	Bed Census	PALMS WEST HOSPITAL	172
1619413206.05494	PALM BEACH	110006	Total Staffed Bed Capacity	PALMS WEST HOSPITAL	204
1619413206.05494	PALM BEACH	110008	Available	WEST BOCA MEDICAL CENTER	111
1619413206.05494	PALM BEACH	110008	Available Capacity	WEST BOCA MEDICAL CENTER	0.513888889
1619413206.05494	PALM BEACH	110008	Bed Census	WEST BOCA MEDICAL CENTER	105
1619413206.05494	PALM BEACH	110008	Total Staffed Bed Capacity	WEST BOCA MEDICAL CENTER	216
1619413206.05494	PALM BEACH	110010	Available	WELLINGTON REGIONAL MEDICAL CENTER	25
1619413206.05494	PALM BEACH	110010	Available Capacity	WELLINGTON REGIONAL MEDICAL CENTER	0.119617225
1619413206.05494	PALM BEACH	110010	Bed Census	WELLINGTON REGIONAL MEDICAL CENTER	184
1619413206.05494	PALM BEACH	110010	Total Staffed Bed Capacity	WELLINGTON REGIONAL MEDICAL CENTER	209
1619413206.05494	PALM BEACH	110403	Available	GOOD SAMARITAN MEDICAL CENTER	23
1619413206.05494	PALM BEACH	110403	Available Capacity	GOOD SAMARITAN MEDICAL CENTER	0.125
1619413206.05494	PALM BEACH	110403	Bed Census	GOOD SAMARITAN MEDICAL CENTER	161
1619413206.05494	PALM BEACH	110403	Total Staffed Bed Capacity	GOOD SAMARITAN MEDICAL CENTER	184
1619413206.05494	PALM BEACH	23960072	Available	SELECT SPECIALTY HOSPITAL- PALM BEACH	14
1619413206.05494	PALM BEACH	23960072	Available Capacity	SELECT SPECIALTY HOSPITAL- PALM BEACH	0.233333333
1619413206.05494	PALM BEACH	23960072	Bed Census	SELECT SPECIALTY HOSPITAL- PALM BEACH	46
1619413206.05494	PALM BEACH	23960072	Total Staffed Bed Capacity	SELECT SPECIALTY HOSPITAL- PALM BEACH	60
1619413206.05494	PALM BEACH	23960074	Available	KINDRED HOSPITAL THE PALM BEACHES	15
1619413206.05494	PALM BEACH	23960074	Available Capacity	KINDRED HOSPITAL THE PALM BEACHES	0.214285714
1619413206.05494	PALM BEACH	23960074	Bed Census	KINDRED HOSPITAL THE PALM BEACHES	55
1619413206.05494	PALM BEACH	23960074	Total Staffed Bed Capacity	KINDRED HOSPITAL THE PALM BEACHES	70
1619413206.05494	PALM BEACH	23960098	Available	BETHESDA HOSPITAL WEST	11
1619413206.05494	PALM BEACH	23960098	Available Capacity	BETHESDA HOSPITAL WEST	0.1375
1619413206.05494	PALM BEACH	23960098	Bed Census	BETHESDA HOSPITAL WEST	69
1619413206.05494	PALM BEACH	23960098	Total Staffed Bed Capacity	BETHESDA HOSPITAL WEST	80
1619413206.05494	PASCO	100046	Available	ADVENTHEALTH ZEPHYRHILLS	15
1619413206.05494	PASCO	100046	Available Capacity	ADVENTHEALTH ZEPHYRHILLS	0.104895105
1619413206.05494	PASCO	100046	Bed Census	ADVENTHEALTH ZEPHYRHILLS	128
1619413206.05494	PASCO	100046	Total Staffed Bed Capacity	ADVENTHEALTH ZEPHYRHILLS	143
1619413206.05494	PASCO	100191	Available	MEDICAL CENTER OF TRINITY	106
1619413206.05494	PASCO	100191	Available Capacity	MEDICAL CENTER OF TRINITY	0.345276873
1619413206.05494	PASCO	100191	Bed Census	MEDICAL CENTER OF TRINITY	201
1619413206.05494	PASCO	100191	Total Staffed Bed Capacity	MEDICAL CENTER OF TRINITY	307
1619413206.05494	PASCO	100211	Available	ADVENTHEALTH DADE CITY	27
1619413206.05494	PASCO	100211	Available Capacity	ADVENTHEALTH DADE CITY	0.259615385
1619413206.05494	PASCO	100211	Bed Census	ADVENTHEALTH DADE CITY	77
1619413206.05494	PASCO	100211	Total Staffed Bed Capacity	ADVENTHEALTH DADE CITY	104
1619413206.05494	PASCO	100256	Available	REGIONAL MEDICAL CENTER BAYONET POINT	14
1619413206.05494	PASCO	100256	Available Capacity	REGIONAL MEDICAL CENTER BAYONET POINT	0.048275862
1619413206.05494	PASCO	100256	Bed Census	REGIONAL MEDICAL CENTER BAYONET POINT	276
1619413206.05494	PASCO	100256	Total Staffed Bed Capacity	REGIONAL MEDICAL CENTER BAYONET POINT	290
1619413206.05494	PASCO	23960082	Available	ADVENTHEALTH CONNERTON	7
1619413206.05494	PASCO	23960082	Available Capacity	ADVENTHEALTH CONNERTON	0.090909091
1619413206.05494	PASCO	23960082	Bed Census	ADVENTHEALTH CONNERTON	70
1619413206.05494	PASCO	23960082	Total Staffed Bed Capacity	ADVENTHEALTH CONNERTON	77
1619413206.05494	PASCO	23960099	Available	ADVENTHEALTH WESLEY CHAPEL	0
1619413206.05494	PASCO	23960099	Available Capacity	ADVENTHEALTH WESLEY CHAPEL	0
1619413206.05494	PASCO	23960099	Bed Census	ADVENTHEALTH WESLEY CHAPEL	135
1619413206.05494	PASCO	23960099	Total Staffed Bed Capacity	ADVENTHEALTH WESLEY CHAPEL	135
1619413206.05494	PASCO	23960110	Available	MEDICAL CENTER OF TRINITY WEST PASCO CAMPUS	30
1619413206.05494	PASCO	23960110	Available Capacity	MEDICAL CENTER OF TRINITY WEST PASCO CAMPUS	0.483870968
1619413206.05494	PASCO	23960110	Bed Census	MEDICAL CENTER OF TRINITY WEST PASCO CAMPUS	32
1619413206.05494	PASCO	23960110	Total Staffed Bed Capacity	MEDICAL CENTER OF TRINITY WEST PASCO CAMPUS	62
1619413206.05494	PASCO	23960114	Available	NORTH TAMPA BEHAVIORAL HEALTH	41
1619413206.05494	PASCO	23960114	Available Capacity	NORTH TAMPA BEHAVIORAL HEALTH	0.325396825
1619413206.05494	PASCO	23960114	Bed Census	NORTH TAMPA BEHAVIORAL HEALTH	85
1619413206.05494	PASCO	23960114	Total Staffed Bed Capacity	NORTH TAMPA BEHAVIORAL HEALTH	126
1619413206.05494	PINELLAS	100015	Available	LARGO MEDICAL CENTER - INDIAN ROCKS	23
1619413206.05494	PINELLAS	100015	Available Capacity	LARGO MEDICAL CENTER - INDIAN ROCKS	0.214953271
1619413206.05494	PINELLAS	100015	Bed Census	LARGO MEDICAL CENTER - INDIAN ROCKS	84
1619413206.05494	PINELLAS	100015	Total Staffed Bed Capacity	LARGO MEDICAL CENTER - INDIAN ROCKS	107
1619413206.05494	PINELLAS	100055	Available	ADVENTHEALTH NORTH PINELLAS	25
1619413206.05494	PINELLAS	100055	Available Capacity	ADVENTHEALTH NORTH PINELLAS	0.185185185
1619413206.05494	PINELLAS	100055	Bed Census	ADVENTHEALTH NORTH PINELLAS	110
1619413206.05494	PINELLAS	100055	Total Staffed Bed Capacity	ADVENTHEALTH NORTH PINELLAS	135
1619413206.05494	PINELLAS	100126	Available	PALMS OF PASADENA HOSPITAL	38
1619413206.05494	PINELLAS	100126	Available Capacity	PALMS OF PASADENA HOSPITAL	0.351851852
1619413206.05494	PINELLAS	100126	Bed Census	PALMS OF PASADENA HOSPITAL	70
1619413206.05494	PINELLAS	100126	Total Staffed Bed Capacity	PALMS OF PASADENA HOSPITAL	108
1619413206.05494	PINELLAS	100238	Available	NORTHSIDE HOSPITAL	103
1619413206.05494	PINELLAS	100238	Available Capacity	NORTHSIDE HOSPITAL	0.417004049
1619413206.05494	PINELLAS	100238	Bed Census	NORTHSIDE HOSPITAL	144
1619413206.05494	PINELLAS	100238	Total Staffed Bed Capacity	NORTHSIDE HOSPITAL	247
1619413206.05494	PINELLAS	100248	Available	LARGO MEDICAL CENTER	115
1619413206.05494	PINELLAS	100248	Available Capacity	LARGO MEDICAL CENTER	0.349544073
1619413206.05494	PINELLAS	100248	Bed Census	LARGO MEDICAL CENTER	214
1619413206.05494	PINELLAS	100248	Total Staffed Bed Capacity	LARGO MEDICAL CENTER	329
1619413206.05494	PINELLAS	104017	Available	WINDMOOR HEALTHCARE OF CLEARWATER	40
1619413206.05494	PINELLAS	104017	Available Capacity	WINDMOOR HEALTHCARE OF CLEARWATER	0.377358491
1619413206.05494	PINELLAS	104017	Bed Census	WINDMOOR HEALTHCARE OF CLEARWATER	66
1619413206.05494	PINELLAS	104017	Total Staffed Bed Capacity	WINDMOOR HEALTHCARE OF CLEARWATER	106
1619413206.05494	PINELLAS	23960011	Available	KINDRED HOSPITAL-BAY AREA-ST PETERSBURG	27
1619413206.05494	PINELLAS	23960011	Available Capacity	KINDRED HOSPITAL-BAY AREA-ST PETERSBURG	0.3375
1619413206.05494	PINELLAS	23960011	Bed Census	KINDRED HOSPITAL-BAY AREA-ST PETERSBURG	53
1619413206.05494	PINELLAS	23960011	Total Staffed Bed Capacity	KINDRED HOSPITAL-BAY AREA-ST PETERSBURG	80
1619413206.05494	PINELLAS	23960085	Available	BAYCARE ALLIANT HOSPITAL	0
1619413206.05494	PINELLAS	23960085	Available Capacity	BAYCARE ALLIANT HOSPITAL	0
1619413206.05494	PINELLAS	23960085	Bed Census	BAYCARE ALLIANT HOSPITAL	54
1619413206.05494	PINELLAS	23960085	Total Staffed Bed Capacity	BAYCARE ALLIANT HOSPITAL	54
1619413206.05494	POLK	100099	Available	ADVENTHEALTH LAKE WALES	81
1619413206.05494	POLK	100099	Available Capacity	ADVENTHEALTH LAKE WALES	0.50625
1619413206.05494	POLK	100099	Bed Census	ADVENTHEALTH LAKE WALES	79
1619413206.05494	POLK	100099	Total Staffed Bed Capacity	ADVENTHEALTH LAKE WALES	160
1619413206.05494	POLK	100137	Available	ADVENTHEALTH HEART OF FLORIDA	86
1619413206.05494	POLK	100137	Available Capacity	ADVENTHEALTH HEART OF FLORIDA	0.40952381
1619413206.05494	POLK	100137	Bed Census	ADVENTHEALTH HEART OF FLORIDA	124
1619413206.05494	POLK	100137	Total Staffed Bed Capacity	ADVENTHEALTH HEART OF FLORIDA	210
1619413206.05494	PUTNAM	100232	Available	PUTNAM COMMUNITY MEDICAL CENTER	24
1619413206.05494	PUTNAM	100232	Available Capacity	PUTNAM COMMUNITY MEDICAL CENTER	0.285714286
1619413206.05494	PUTNAM	100232	Bed Census	PUTNAM COMMUNITY MEDICAL CENTER	60
1619413206.05494	PUTNAM	100232	Total Staffed Bed Capacity	PUTNAM COMMUNITY MEDICAL CENTER	84
1619413206.05494	SANTA ROSA	100048	Available	JAY HOSPITAL	14
1619413206.05494	SANTA ROSA	100048	Available Capacity	JAY HOSPITAL	0.666666667
1619413206.05494	SANTA ROSA	100048	Bed Census	JAY HOSPITAL	7
1619413206.05494	SANTA ROSA	100048	Total Staffed Bed Capacity	JAY HOSPITAL	21
1619413206.05494	SANTA ROSA	100124	Available	SANTA ROSA MEDICAL CENTER	32
1619413206.05494	SANTA ROSA	100124	Available Capacity	SANTA ROSA MEDICAL CENTER	0.372093023
1619413206.05494	SANTA ROSA	100124	Bed Census	SANTA ROSA MEDICAL CENTER	54
1619413206.05494	SANTA ROSA	100124	Total Staffed Bed Capacity	SANTA ROSA MEDICAL CENTER	86
1619413206.05494	SANTA ROSA	110003	Available	GULF BREEZE HOSPITAL	59
1619413206.05494	SANTA ROSA	110003	Available Capacity	GULF BREEZE HOSPITAL	0.655555556
1619413206.05494	SANTA ROSA	110003	Bed Census	GULF BREEZE HOSPITAL	31
1619413206.05494	SANTA ROSA	110003	Total Staffed Bed Capacity	GULF BREEZE HOSPITAL	90
1619413206.05494	SARASOTA	100070	Available	VENICE REGIONAL BAYFRONT HEALTH	125
1619413206.05494	SARASOTA	100070	Available Capacity	VENICE REGIONAL BAYFRONT HEALTH	0.536480687
1619413206.05494	SARASOTA	100070	Bed Census	VENICE REGIONAL BAYFRONT HEALTH	108
1619413206.05494	SARASOTA	100070	Total Staffed Bed Capacity	VENICE REGIONAL BAYFRONT HEALTH	233
1619413206.05494	SARASOTA	100087	Available	SARASOTA MEMORIAL HOSPITAL	22
1619413206.05494	SARASOTA	100087	Available Capacity	SARASOTA MEMORIAL HOSPITAL	0.031161473
1619413206.05494	SARASOTA	100087	Bed Census	SARASOTA MEMORIAL HOSPITAL	684
1619413206.05494	SARASOTA	100087	Total Staffed Bed Capacity	SARASOTA MEMORIAL HOSPITAL	706
1619413206.05494	SARASOTA	100166	Available	DOCTORS HOSPITAL OF SARASOTA	26
1619413206.05494	SARASOTA	100166	Available Capacity	DOCTORS HOSPITAL OF SARASOTA	0.179310345
1619413206.05494	SARASOTA	100166	Bed Census	DOCTORS HOSPITAL OF SARASOTA	119
1619413206.05494	SARASOTA	100166	Total Staffed Bed Capacity	DOCTORS HOSPITAL OF SARASOTA	145
1619413206.05494	SARASOTA	110004	Available	ENGLEWOOD COMMUNITY HOSPITAL	2
1619413206.05494	SARASOTA	110004	Available Capacity	ENGLEWOOD COMMUNITY HOSPITAL	0.042553191
1619413206.05494	SARASOTA	110004	Bed Census	ENGLEWOOD COMMUNITY HOSPITAL	45
1619413206.05494	SARASOTA	110004	Total Staffed Bed Capacity	ENGLEWOOD COMMUNITY HOSPITAL	47
1619413206.05494	SARASOTA	110013	Available	ENCOMPASS HEALTH REHABILITATION HOSPITAL OF SARASOTA	0
1619413206.05494	SARASOTA	110013	Available Capacity	ENCOMPASS HEALTH REHABILITATION HOSPITAL OF SARASOTA	0
1619413206.05494	SARASOTA	110013	Bed Census	ENCOMPASS HEALTH REHABILITATION HOSPITAL OF SARASOTA	92
1619413206.05494	SARASOTA	110013	Total Staffed Bed Capacity	ENCOMPASS HEALTH REHABILITATION HOSPITAL OF SARASOTA	92
1619413206.05494	SARASOTA	23960049	Available	PAM SPECIALTY HOSPITAL OF SARASOTA	2
1619413206.05494	SARASOTA	23960049	Available Capacity	PAM SPECIALTY HOSPITAL OF SARASOTA	0.05
1619413206.05494	SARASOTA	23960049	Bed Census	PAM SPECIALTY HOSPITAL OF SARASOTA	38
1619413206.05494	SARASOTA	23960049	Total Staffed Bed Capacity	PAM SPECIALTY HOSPITAL OF SARASOTA	40
1619413206.05494	SEMINOLE	23960115	Available	ENCOMPASS HEALTH REHABILITATION HOSPITAL OF ALTAMONTE SPRINGS	2
1619413206.05494	SEMINOLE	23960115	Available Capacity	ENCOMPASS HEALTH REHABILITATION HOSPITAL OF ALTAMONTE SPRINGS	0.028571429
1619413206.05494	SEMINOLE	23960115	Bed Census	ENCOMPASS HEALTH REHABILITATION HOSPITAL OF ALTAMONTE SPRINGS	68
1619413206.05494	SEMINOLE	23960115	Total Staffed Bed Capacity	ENCOMPASS HEALTH REHABILITATION HOSPITAL OF ALTAMONTE SPRINGS	70
1619413206.05494	SEMINOLE	23960121	Available	OVIEDO MEDICAL CENTER	13
1619413206.05494	SEMINOLE	23960121	Available Capacity	OVIEDO MEDICAL CENTER	0.203125
1619413206.05494	SEMINOLE	23960121	Bed Census	OVIEDO MEDICAL CENTER	51
1619413206.05494	SEMINOLE	23960121	Total Staffed Bed Capacity	OVIEDO MEDICAL CENTER	64
1619413206.05494	ST. JOHNS	100219	Available	FLAGLER HOSPITAL	134
1619413206.05494	ST. JOHNS	100219	Available Capacity	FLAGLER HOSPITAL	0.403614458
1619413206.05494	ST. JOHNS	100219	Bed Census	FLAGLER HOSPITAL	198
1619413206.05494	ST. JOHNS	100219	Total Staffed Bed Capacity	FLAGLER HOSPITAL	332
1619413206.05494	ST. LUCIE	100246	Available	LAWNWOOD REGIONAL MEDICAL CENTER & HEART INSTITUTE	48
1619413206.05494	ST. LUCIE	100246	Available Capacity	LAWNWOOD REGIONAL MEDICAL CENTER & HEART INSTITUTE	0.121518987
1619413206.05494	ST. LUCIE	100246	Bed Census	LAWNWOOD REGIONAL MEDICAL CENTER & HEART INSTITUTE	347
1619413206.05494	ST. LUCIE	100246	Total Staffed Bed Capacity	LAWNWOOD REGIONAL MEDICAL CENTER & HEART INSTITUTE	395
1619413206.05494	ST. LUCIE	100260	Available	ST LUCIE MEDICAL CENTER	31
1619413206.05494	ST. LUCIE	100260	Available Capacity	ST LUCIE MEDICAL CENTER	0.149758454
1619413206.05494	ST. LUCIE	100260	Bed Census	ST LUCIE MEDICAL CENTER	176
1619413206.05494	ST. LUCIE	100260	Total Staffed Bed Capacity	ST LUCIE MEDICAL CENTER	207
1619413206.05494	ST. LUCIE	110022	Available	PORT ST LUCIE HOSPITAL	8
1619413206.05494	ST. LUCIE	110022	Available Capacity	PORT ST LUCIE HOSPITAL	0.106666667
1619413206.05494	ST. LUCIE	110022	Bed Census	PORT ST LUCIE HOSPITAL	67
1619413206.05494	ST. LUCIE	110022	Total Staffed Bed Capacity	PORT ST LUCIE HOSPITAL	75
1619413206.05494	ST. LUCIE	23960108	Available	CLEVELAND CLINIC TRADITION HOSPITAL	19
1619413206.05494	ST. LUCIE	23960108	Available Capacity	CLEVELAND CLINIC TRADITION HOSPITAL	0.102702703
1619413206.05494	ST. LUCIE	23960108	Bed Census	CLEVELAND CLINIC TRADITION HOSPITAL	166
1619413206.05494	ST. LUCIE	23960108	Total Staffed Bed Capacity	CLEVELAND CLINIC TRADITION HOSPITAL	185
1619413206.05494	SUMTER	23960086	Available	SELECT SPECIALTY HOSPITAL-THE VILLAGES INC	0
1619413206.05494	SUMTER	23960086	Available Capacity	SELECT SPECIALTY HOSPITAL-THE VILLAGES INC	0
1619413206.05494	SUMTER	23960086	Bed Census	SELECT SPECIALTY HOSPITAL-THE VILLAGES INC	40
1619413206.05494	SUMTER	23960086	Total Staffed Bed Capacity	SELECT SPECIALTY HOSPITAL-THE VILLAGES INC	40
1619413206.05494	SUWANNEE	100146	Available	LAKE CITY MEDICAL CENTER SUWANNEE CAMPUS	0
1619413206.05494	SUWANNEE	100146	Available Capacity	LAKE CITY MEDICAL CENTER SUWANNEE CAMPUS	NA
1619413206.05494	SUWANNEE	100146	Bed Census	LAKE CITY MEDICAL CENTER SUWANNEE CAMPUS	0
1619413206.05494	SUWANNEE	100146	Total Staffed Bed Capacity	LAKE CITY MEDICAL CENTER SUWANNEE CAMPUS	0
1619413206.05494	TAYLOR	100106	Available	DOCTORS' MEMORIAL HOSPITAL	42
1619413206.05494	TAYLOR	100106	Available Capacity	DOCTORS' MEMORIAL HOSPITAL	0.913043478
1619413206.05494	TAYLOR	100106	Bed Census	DOCTORS' MEMORIAL HOSPITAL	4
1619413206.05494	TAYLOR	100106	Total Staffed Bed Capacity	DOCTORS' MEMORIAL HOSPITAL	46
1619413206.05494	UNION	100241	Available	LAKE BUTLER HOSPITAL	15
1619413206.05494	UNION	100241	Available Capacity	LAKE BUTLER HOSPITAL	0.6
1619413206.05494	UNION	100241	Bed Census	LAKE BUTLER HOSPITAL	10
1619413206.05494	UNION	100241	Total Staffed Bed Capacity	LAKE BUTLER HOSPITAL	25
1619413206.05494	UNION	110183	Available	RECEPTION AND MEDICAL CENTER HOSPITAL	6
1619413206.05494	UNION	110183	Available Capacity	RECEPTION AND MEDICAL CENTER HOSPITAL	0.133333333
1619413206.05494	UNION	110183	Bed Census	RECEPTION AND MEDICAL CENTER HOSPITAL	39
1619413206.05494	UNION	110183	Total Staffed Bed Capacity	RECEPTION AND MEDICAL CENTER HOSPITAL	45
1619413206.05494	VOLUSIA	100014	Available	ADVENTHEALTH NEW SMYRNA BEACH	21
1619413206.05494	VOLUSIA	100014	Available Capacity	ADVENTHEALTH NEW SMYRNA BEACH	0.19266055
1619413206.05494	VOLUSIA	100014	Bed Census	ADVENTHEALTH NEW SMYRNA BEACH	88
1619413206.05494	VOLUSIA	100014	Total Staffed Bed Capacity	ADVENTHEALTH NEW SMYRNA BEACH	109
1619413206.05494	VOLUSIA	100017	Available	HALIFAX HEALTH MEDICAL CENTER	158
1619413206.05494	VOLUSIA	100017	Available Capacity	HALIFAX HEALTH MEDICAL CENTER	0.296435272
1619413206.05494	VOLUSIA	100017	Bed Census	HALIFAX HEALTH MEDICAL CENTER	375
1619413206.05494	VOLUSIA	100017	Total Staffed Bed Capacity	HALIFAX HEALTH MEDICAL CENTER	533
1619413206.05494	VOLUSIA	100045	Available	ADVENTHEALTH DELAND	63
1619413206.05494	VOLUSIA	100045	Available Capacity	ADVENTHEALTH DELAND	0.409090909
1619413206.05494	VOLUSIA	100045	Bed Census	ADVENTHEALTH DELAND	91
1619413206.05494	VOLUSIA	100045	Total Staffed Bed Capacity	ADVENTHEALTH DELAND	154
1619413206.05494	VOLUSIA	100072	Available	ADVENTHEALTH FISH MEMORIAL	54
1619413206.05494	VOLUSIA	100072	Available Capacity	ADVENTHEALTH FISH MEMORIAL	0.288770053
1619413206.05494	VOLUSIA	100072	Bed Census	ADVENTHEALTH FISH MEMORIAL	133
1619413206.05494	VOLUSIA	100072	Total Staffed Bed Capacity	ADVENTHEALTH FISH MEMORIAL	187
1619413206.05494	VOLUSIA	100169	Available	ADVENTHEALTH DAYTONA BEACH	56
1619413206.05494	VOLUSIA	100169	Available Capacity	ADVENTHEALTH DAYTONA BEACH	0.154696133
1619413206.05494	VOLUSIA	100169	Bed Census	ADVENTHEALTH DAYTONA BEACH	306
1619413206.05494	VOLUSIA	100169	Total Staffed Bed Capacity	ADVENTHEALTH DAYTONA BEACH	362
1619413206.05494	VOLUSIA	110016	Available	HALIFAX PSYCHIATRIC CENTER-NORTH	22
1619413206.05494	VOLUSIA	110016	Available Capacity	HALIFAX PSYCHIATRIC CENTER-NORTH	0.6875
1619413206.05494	VOLUSIA	110016	Bed Census	HALIFAX PSYCHIATRIC CENTER-NORTH	10
1619413206.05494	VOLUSIA	110016	Total Staffed Bed Capacity	HALIFAX PSYCHIATRIC CENTER-NORTH	32
1619413206.05494	VOLUSIA	23960051	Available	HALIFAX HEALTH MEDICAL CENTER- PORT ORANGE	30
1619413206.05494	VOLUSIA	23960051	Available Capacity	HALIFAX HEALTH MEDICAL CENTER- PORT ORANGE	0.375
1619413206.05494	VOLUSIA	23960051	Bed Census	HALIFAX HEALTH MEDICAL CENTER- PORT ORANGE	50
1619413206.05494	VOLUSIA	23960051	Total Staffed Bed Capacity	HALIFAX HEALTH MEDICAL CENTER- PORT ORANGE	80
1619413206.05494	VOLUSIA	23960120	Available	SELECT SPECIALTY HOSPITAL - DAYTONA BEACH	1
1619413206.05494	VOLUSIA	23960120	Available Capacity	SELECT SPECIALTY HOSPITAL - DAYTONA BEACH	0.029411765
1619413206.05494	VOLUSIA	23960120	Bed Census	SELECT SPECIALTY HOSPITAL - DAYTONA BEACH	33
1619413206.05494	VOLUSIA	23960120	Total Staffed Bed Capacity	SELECT SPECIALTY HOSPITAL - DAYTONA BEACH	34
1619413206.05494	VOLUSIA	23960152	Available	HALIFAX HEALTH UF HEALTH MEDICAL CENTER OF DELTONA	29
1619413206.05494	VOLUSIA	23960152	Available Capacity	HALIFAX HEALTH UF HEALTH MEDICAL CENTER OF DELTONA	0.674418605
1619413206.05494	VOLUSIA	23960152	Bed Census	HALIFAX HEALTH UF HEALTH MEDICAL CENTER OF DELTONA	14
1619413206.05494	VOLUSIA	23960152	Total Staffed Bed Capacity	HALIFAX HEALTH UF HEALTH MEDICAL CENTER OF DELTONA	43
1619413206.05494	WALTON	100081	Available	HEALTHMARK REGIONAL MEDICAL CENTER	10
1619413206.05494	WALTON	100081	Available Capacity	HEALTHMARK REGIONAL MEDICAL CENTER	1
1619413206.05494	WALTON	100081	Bed Census	HEALTHMARK REGIONAL MEDICAL CENTER	0
1619413206.05494	WALTON	100081	Total Staffed Bed Capacity	HEALTHMARK REGIONAL MEDICAL CENTER	10
1619413206.05494	WALTON	23960041	Available	ASCENSION SACRED HEART EMERALD COAST	51
1619413206.05494	WALTON	23960041	Available Capacity	ASCENSION SACRED HEART EMERALD COAST	0.490384615
1619413206.05494	WALTON	23960041	Bed Census	ASCENSION SACRED HEART EMERALD COAST	53
1619413206.05494	WALTON	23960041	Total Staffed Bed Capacity	ASCENSION SACRED HEART EMERALD COAST	104
1619413206.05494	WASHINGTON	100147	Available	NORTHWEST FLORIDA COMMUNITY HOSPITAL	16
1619413206.05494	WASHINGTON	100147	Available Capacity	NORTHWEST FLORIDA COMMUNITY HOSPITAL	0.271186441
1619413206.05494	WASHINGTON	100147	Bed Census	NORTHWEST FLORIDA COMMUNITY HOSPITAL	43
1619413206.05494	WASHINGTON	100147	Total Staffed Bed Capacity	NORTHWEST FLORIDA COMMUNITY HOSPITAL	59
1619413206.05494	NA	100019	Available	HOLMES REGIONAL MEDICAL CENTER	100
1619413206.05494	NA	100019	Available Capacity	HOLMES REGIONAL MEDICAL CENTER	0.1953125
1619413206.05494	NA	100019	Bed Census	HOLMES REGIONAL MEDICAL CENTER	412
1619413206.05494	NA	100019	Total Staffed Bed Capacity	HOLMES REGIONAL MEDICAL CENTER	512
1619413206.05494	NA	100024	Available	FISHERMEN'S COMMUNITY HOSPITAL	1
1619413206.05494	NA	100024	Available Capacity	FISHERMEN'S COMMUNITY HOSPITAL	1
1619413206.05494	NA	100024	Bed Census	FISHERMEN'S COMMUNITY HOSPITAL	0
1619413206.05494	NA	100024	Total Staffed Bed Capacity	FISHERMEN'S COMMUNITY HOSPITAL	1
1619413206.05494	NA	100040	Available	ASCENSION ST VINCENT'S RIVERSIDE	242
1619413206.05494	NA	100040	Available Capacity	ASCENSION ST VINCENT'S RIVERSIDE	0.47265625
1619413206.05494	NA	100040	Bed Census	ASCENSION ST VINCENT'S RIVERSIDE	270
1619413206.05494	NA	100040	Total Staffed Bed Capacity	ASCENSION ST VINCENT'S RIVERSIDE	512
1619413206.05494	NA	100077	Available	BAYFRONT HEALTH PORT CHARLOTTE	87
1619413206.05494	NA	100077	Available Capacity	BAYFRONT HEALTH PORT CHARLOTTE	0.383259912
1619413206.05494	NA	100077	Bed Census	BAYFRONT HEALTH PORT CHARLOTTE	140
1619413206.05494	NA	100077	Total Staffed Bed Capacity	BAYFRONT HEALTH PORT CHARLOTTE	227
1619413206.05494	NA	100110	Available	OSCEOLA REGIONAL MEDICAL CENTER	68
1619413206.05494	NA	100110	Available Capacity	OSCEOLA REGIONAL MEDICAL CENTER	0.147826087
1619413206.05494	NA	100110	Bed Census	OSCEOLA REGIONAL MEDICAL CENTER	392
1619413206.05494	NA	100110	Total Staffed Bed Capacity	OSCEOLA REGIONAL MEDICAL CENTER	460
1619413206.05494	NA	100152	Available	KINDRED HOSPITAL-SOUTH FLORIDA-CORAL GABLES	7
1619413206.05494	NA	100152	Available Capacity	KINDRED HOSPITAL-SOUTH FLORIDA-CORAL GABLES	0.127272727
1619413206.05494	NA	100152	Bed Census	KINDRED HOSPITAL-SOUTH FLORIDA-CORAL GABLES	48
1619413206.05494	NA	100152	Total Staffed Bed Capacity	KINDRED HOSPITAL-SOUTH FLORIDA-CORAL GABLES	55
1619413206.05494	NA	100157	Available	LAKELAND REGIONAL MEDICAL CENTER	123
1619413206.05494	NA	100157	Available Capacity	LAKELAND REGIONAL MEDICAL CENTER	0.139140271
1619413206.05494	NA	100157	Bed Census	LAKELAND REGIONAL MEDICAL CENTER	761
1619413206.05494	NA	100157	Total Staffed Bed Capacity	LAKELAND REGIONAL MEDICAL CENTER	884
1619413206.05494	NA	100161	Available	CENTRAL FLORIDA REGIONAL HOSPITAL	59
1619413206.05494	NA	100161	Available Capacity	CENTRAL FLORIDA REGIONAL HOSPITAL	0.283653846
1619413206.05494	NA	100161	Bed Census	CENTRAL FLORIDA REGIONAL HOSPITAL	149
1619413206.05494	NA	100161	Total Staffed Bed Capacity	CENTRAL FLORIDA REGIONAL HOSPITAL	208
1619413206.05494	NA	100175	Available	DESOTO MEMORIAL HOSPITAL	47
1619413206.05494	NA	100175	Available Capacity	DESOTO MEMORIAL HOSPITAL	0.810344828
1619413206.05494	NA	100175	Bed Census	DESOTO MEMORIAL HOSPITAL	11
1619413206.05494	NA	100175	Total Staffed Bed Capacity	DESOTO MEMORIAL HOSPITAL	58
1619413206.05494	NA	100196	Available	CURAHEALTH JACKSONVILLE LLC	2
1619413206.05494	NA	100196	Available Capacity	CURAHEALTH JACKSONVILLE LLC	0.111111111
1619413206.05494	NA	100196	Bed Census	CURAHEALTH JACKSONVILLE LLC	16
1619413206.05494	NA	100196	Total Staffed Bed Capacity	CURAHEALTH JACKSONVILLE LLC	18
1619413206.05494	NA	100225	Available	MEMORIAL REGIONAL HOSPITAL SOUTH	12
1619413206.05494	NA	100225	Available Capacity	MEMORIAL REGIONAL HOSPITAL SOUTH	0.091603053
1619413206.05494	NA	100225	Bed Census	MEMORIAL REGIONAL HOSPITAL SOUTH	119
1619413206.05494	NA	100225	Total Staffed Bed Capacity	MEMORIAL REGIONAL HOSPITAL SOUTH	131
1619413206.05494	NA	100236	Available	FAWCETT MEMORIAL HOSPITAL	83
1619413206.05494	NA	100236	Available Capacity	FAWCETT MEMORIAL HOSPITAL	0.328063241
1619413206.05494	NA	100236	Bed Census	FAWCETT MEMORIAL HOSPITAL	170
1619413206.05494	NA	100236	Total Staffed Bed Capacity	FAWCETT MEMORIAL HOSPITAL	253
1619413206.05494	NA	100244	Available	CAPE CORAL HOSPITAL	15
1619413206.05494	NA	100244	Available Capacity	CAPE CORAL HOSPITAL	0.052083333
1619413206.05494	NA	100244	Bed Census	CAPE CORAL HOSPITAL	273
1619413206.05494	NA	100244	Total Staffed Bed Capacity	CAPE CORAL HOSPITAL	288
1619413206.05494	NA	100250	Available	JOHNS HOPKINS ALL CHILDREN'S HOSPITAL	16
1619413206.05494	NA	100250	Available Capacity	JOHNS HOPKINS ALL CHILDREN'S HOSPITAL	0.083333333
1619413206.05494	NA	100250	Bed Census	JOHNS HOPKINS ALL CHILDREN'S HOSPITAL	176
1619413206.05494	NA	100250	Total Staffed Bed Capacity	JOHNS HOPKINS ALL CHILDREN'S HOSPITAL	192
1619413206.05494	NA	110045	Available	ENCOMPASS HEALTH REHABILITATION HOSPITAL OF LARGO	4
1619413206.05494	NA	110045	Available Capacity	ENCOMPASS HEALTH REHABILITATION HOSPITAL OF LARGO	0.028571429
1619413206.05494	NA	110045	Bed Census	ENCOMPASS HEALTH REHABILITATION HOSPITAL OF LARGO	136
1619413206.05494	NA	110045	Total Staffed Bed Capacity	ENCOMPASS HEALTH REHABILITATION HOSPITAL OF LARGO	140
1619413206.05494	NA	120005	Available	HEALTHPARK MEDICAL CENTER	78
1619413206.05494	NA	120005	Available Capacity	HEALTHPARK MEDICAL CENTER	0.179723502
1619413206.05494	NA	120005	Bed Census	HEALTHPARK MEDICAL CENTER	356
1619413206.05494	NA	120005	Total Staffed Bed Capacity	HEALTHPARK MEDICAL CENTER	434
1619413206.05494	NA	23960032	Available	UF HEALTH THE VILLAGES HOSPITAL	98
1619413206.05494	NA	23960032	Available Capacity	UF HEALTH THE VILLAGES HOSPITAL	0.319218241
1619413206.05494	NA	23960032	Bed Census	UF HEALTH THE VILLAGES HOSPITAL	209
1619413206.05494	NA	23960032	Total Staffed Bed Capacity	UF HEALTH THE VILLAGES HOSPITAL	307
1619413206.05494	NA	23960083	Available	CENTRAL FLORIDA BEHAVIORAL HOSPITAL	0
1619413206.05494	NA	23960083	Available Capacity	CENTRAL FLORIDA BEHAVIORAL HOSPITAL	0
1619413206.05494	NA	23960083	Bed Census	CENTRAL FLORIDA BEHAVIORAL HOSPITAL	115
1619413206.05494	NA	23960083	Total Staffed Bed Capacity	CENTRAL FLORIDA BEHAVIORAL HOSPITAL	115
1619413206.05494	NA	23960103	Available	PARK ROYAL HOSPITAL	13
1619413206.05494	NA	23960103	Available Capacity	PARK ROYAL HOSPITAL	0.114035088
1619413206.05494	NA	23960103	Bed Census	PARK ROYAL HOSPITAL	101
1619413206.05494	NA	23960103	Total Staffed Bed Capacity	PARK ROYAL HOSPITAL	114
1619413206.05494	NA	23960153	Available	PALM POINT BEHAVIORAL HEALTH	16
1619413206.05494	NA	23960153	Available Capacity	PALM POINT BEHAVIORAL HEALTH	0.285714286
1619413206.05494	NA	23960153	Bed Census	PALM POINT BEHAVIORAL HEALTH	40
1619413206.05494	NA	23960153	Total Staffed Bed Capacity	PALM POINT BEHAVIORAL HEALTH	56
